-- MySQL dump 10.19  Distrib 10.3.31-MariaDB, for debian-linux-gnu (x86_64)
--
-- Host: localhost    Database: ddd_finance
-- ------------------------------------------------------
-- Server version	10.3.31-MariaDB-0ubuntu0.20.04.1

/*!40101 SET @OLD_CHARACTER_SET_CLIENT=@@CHARACTER_SET_CLIENT */;
/*!40101 SET @OLD_CHARACTER_SET_RESULTS=@@CHARACTER_SET_RESULTS */;
/*!40101 SET @OLD_COLLATION_CONNECTION=@@COLLATION_CONNECTION */;
/*!40101 SET NAMES utf8mb4 */;
/*!40103 SET @OLD_TIME_ZONE=@@TIME_ZONE */;
/*!40103 SET TIME_ZONE='+00:00' */;
/*!40014 SET @OLD_UNIQUE_CHECKS=@@UNIQUE_CHECKS, UNIQUE_CHECKS=0 */;
/*!40014 SET @OLD_FOREIGN_KEY_CHECKS=@@FOREIGN_KEY_CHECKS, FOREIGN_KEY_CHECKS=0 */;
/*!40101 SET @OLD_SQL_MODE=@@SQL_MODE, SQL_MODE='NO_AUTO_VALUE_ON_ZERO' */;
/*!40111 SET @OLD_SQL_NOTES=@@SQL_NOTES, SQL_NOTES=0 */;

--
-- Table structure for table `orderitem`
--

DROP TABLE IF EXISTS `orderitem`;
/*!40101 SET @saved_cs_client     = @@character_set_client */;
/*!40101 SET character_set_client = utf8 */;
CREATE TABLE `orderitem` (
  `orderfk` int(11) NOT NULL,
  `productfk` int(11) NOT NULL,
  `quantity` int(4) NOT NULL,
  `price` decimal(10,2) NOT NULL,
  PRIMARY KEY (`orderfk`,`productfk`),
  CONSTRAINT `fk_orderitem_1` FOREIGN KEY (`orderfk`) REFERENCES `orders` (`orderpk`) ON DELETE NO ACTION ON UPDATE NO ACTION
) ENGINE=InnoDB DEFAULT CHARSET=latin1;
/*!40101 SET character_set_client = @saved_cs_client */;

--
-- Dumping data for table `orderitem`
--

LOCK TABLES `orderitem` WRITE;
/*!40000 ALTER TABLE `orderitem` DISABLE KEYS */;
INSERT INTO `orderitem` VALUES (10100,1,30,136.00),(10100,2,50,55.09),(10100,3,22,75.46),(10100,4,49,35.29),(10101,5,25,108.06),(10101,6,26,167.06),(10101,7,45,32.53),(10101,8,46,44.35),(10102,9,39,95.55),(10102,10,41,43.13),(10103,11,26,214.30),(10103,12,42,119.67),(10103,13,27,121.64),(10103,14,35,94.50),(10103,15,22,58.34),(10103,16,27,92.19),(10103,17,35,61.84),(10103,18,25,86.92),(10103,19,46,86.31),(10103,20,36,98.07),(10103,28,41,40.75),(10103,29,36,107.34),(10103,30,25,88.62),(10103,31,31,92.46),(10103,32,45,63.35),(10103,33,42,94.07),(10104,1,23,165.95),(10104,2,38,119.20),(10104,3,35,52.02),(10104,4,44,30.41),(10104,5,26,106.45),(10104,6,35,51.95),(10104,7,49,56.55),(10104,8,33,114.59),(10104,10,32,53.31),(10104,34,34,131.44),(10104,35,41,111.39),(10104,36,24,135.90),(10104,37,29,122.73),(10105,9,50,127.84),(10105,11,41,205.72),(10105,12,29,141.88),(10105,13,22,136.59),(10105,14,38,87.73),(10105,15,41,75.48),(10105,16,43,117.97),(10105,17,44,73.46),(10105,18,50,75.47),(10105,19,41,54.00),(10105,20,29,86.61),(10105,28,31,60.72),(10105,29,39,92.16),(10105,30,22,99.31),(10105,31,25,44.77),(10106,1,31,55.89),(10106,2,50,55.96),(10106,3,26,71.00),(10106,4,33,65.35),(10106,5,39,35.78),(10106,6,31,91.34),(10106,7,30,85.09),(10106,8,34,99.72),(10106,9,44,76.00),(10106,10,32,113.90),(10106,11,48,70.33),(10106,12,48,43.70),(10106,32,36,134.04),(10106,33,34,81.10),(10106,34,41,80.86),(10106,35,41,94.22),(10106,36,28,107.23),(10106,37,49,65.77),(10107,13,30,81.35),(10107,14,39,105.86),(10107,15,27,172.36),(10107,16,21,122.00),(10107,17,29,52.70),(10107,18,25,96.92),(10107,19,38,73.12),(10107,20,20,88.90),(10108,1,30,60.01),(10108,2,40,132.00),(10108,3,31,67.10),(10108,4,27,36.21),(10108,5,31,87.76),(10108,6,34,74.85),(10108,28,33,165.38),(10108,29,45,96.30),(10108,30,39,75.81),(10108,31,36,107.10),(10108,32,38,67.76),(10108,33,26,73.17),(10108,34,29,132.29),(10108,35,43,52.84),(10108,36,44,139.87),(10108,37,35,64.41),(10109,7,26,117.48),(10109,8,38,137.98),(10109,9,46,160.87),(10109,10,26,126.72),(10109,11,47,125.74),(10109,12,29,32.10),(10110,13,37,118.22),(10110,14,42,153.00),(10110,15,32,51.46),(10110,16,33,115.69),(10110,17,31,163.69),(10110,18,28,81.91),(10110,19,42,62.00),(10110,20,36,72.02),(10110,28,29,43.27),(10110,29,20,28.88),(10110,30,39,40.77),(10110,31,43,82.69),(10110,32,46,112.74),(10110,33,27,80.47),(10110,34,37,96.37),(10110,35,48,35.29),(10111,1,28,53.09),(10111,2,43,94.25),(10111,3,39,91.27),(10111,4,26,85.70),(10111,36,33,87.33),(10111,37,48,48.52),(10112,5,29,197.16),(10112,6,23,85.10),(10113,7,21,121.64),(10113,8,49,101.50),(10113,9,23,58.82),(10113,10,50,43.27),(10114,11,31,128.53),(10114,12,39,106.78),(10114,13,45,53.48),(10114,14,48,169.34),(10114,15,41,105.34),(10114,16,21,102.23),(10114,17,24,28.64),(10114,18,32,88.61),(10114,19,28,43.83),(10114,20,42,82.94),(10115,28,46,111.39),(10115,29,46,140.81),(10115,30,47,56.64),(10115,31,44,106.45),(10115,32,27,100.70),(10116,33,27,60.28),(10117,1,21,81.68),(10117,2,22,122.08),(10117,3,23,73.73),(10117,4,41,119.20),(10117,5,21,55.65),(10117,6,38,75.35),(10117,7,45,89.38),(10117,8,50,52.42),(10117,34,33,195.33),(10117,35,43,148.06),(10117,36,39,173.02),(10117,37,26,121.57),(10118,10,36,86.15),(10119,9,46,112.88),(10119,11,43,151.38),(10119,12,21,74.84),(10119,13,27,95.28),(10119,14,41,64.40),(10119,15,35,72.58),(10119,16,20,63.12),(10119,17,35,82.18),(10119,18,28,62.10),(10119,19,25,57.34),(10119,20,29,74.23),(10119,28,38,67.22),(10119,29,26,63.67),(10119,30,28,40.22),(10120,1,29,71.73),(10120,2,22,94.90),(10120,3,29,68.79),(10120,4,49,41.46),(10120,5,47,91.34),(10120,6,24,81.77),(10120,7,24,106.79),(10120,8,43,72.00),(10120,31,29,118.94),(10120,32,46,158.80),(10120,33,29,82.79),(10120,34,46,57.54),(10120,35,35,110.45),(10120,36,39,93.01),(10120,37,34,72.36),(10121,9,50,126.52),(10121,10,34,86.13),(10121,11,32,58.18),(10121,12,25,95.93),(10121,13,44,72.41),(10122,14,42,155.66),(10122,15,37,113.92),(10122,16,32,65.44),(10122,17,20,104.80),(10122,18,34,114.65),(10122,19,43,62.37),(10122,20,31,113.80),(10122,28,25,137.17),(10122,29,21,69.15),(10122,30,21,133.76),(10122,31,35,59.06),(10122,32,28,145.82),(10122,33,39,34.74),(10122,34,34,50.82),(10122,35,43,136.22),(10122,36,29,67.10),(10122,37,31,33.79),(10123,1,26,120.71),(10123,2,46,114.84),(10123,3,34,117.26),(10123,4,50,43.27),(10124,5,21,153.00),(10124,6,42,58.12),(10124,7,42,111.87),(10124,8,36,75.46),(10124,9,22,62.47),(10124,10,23,66.28),(10124,11,45,30.53),(10124,12,22,36.29),(10124,13,32,74.51),(10124,14,25,93.95),(10124,15,49,76.19),(10124,16,43,101.73),(10124,17,46,36.11),(10125,18,32,89.38),(10125,19,34,138.38),(10125,20,5,120.05),(10126,1,50,102.92),(10126,2,43,47.29),(10126,3,27,122.68),(10126,4,34,83.76),(10126,5,43,82.83),(10126,6,26,62.05),(10126,7,45,97.10),(10126,28,38,205.73),(10126,29,22,122.62),(10126,30,21,135.30),(10126,31,38,116.67),(10126,32,42,51.21),(10126,33,43,51.05),(10126,34,31,93.21),(10126,35,46,61.84),(10126,36,30,93.20),(10126,37,38,94.25),(10127,8,46,193.25),(10127,9,42,169.56),(10127,10,46,140.50),(10127,11,24,100.73),(10127,12,45,140.81),(10127,13,45,114.14),(10127,14,22,149.02),(10127,15,25,126.39),(10127,16,20,50.86),(10127,17,39,34.30),(10127,18,20,107.63),(10127,19,45,46.53),(10127,20,29,60.90),(10127,28,46,111.12),(10127,29,46,55.65),(10128,30,41,120.20),(10128,31,41,80.67),(10128,32,43,77.24),(10128,33,32,72.75),(10129,1,31,58.67),(10129,2,45,72.28),(10129,3,42,90.15),(10129,4,30,94.34),(10129,5,32,44.23),(10129,34,33,123.76),(10129,35,45,113.06),(10129,36,41,81.43),(10129,37,50,76.31),(10130,6,40,68.82),(10130,7,33,99.52),(10131,8,21,141.92),(10131,9,29,52.60),(10131,10,35,60.97),(10131,11,50,54.59),(10131,12,22,76.94),(10131,13,40,86.76),(10131,14,26,63.67),(10131,15,21,40.22),(10132,16,36,80.00),(10133,17,49,80.26),(10133,18,41,109.42),(10133,19,46,61.58),(10133,20,23,80.91),(10133,28,49,67.41),(10133,29,27,37.09),(10133,30,24,76.73),(10133,31,27,115.09),(10134,1,43,75.41),(10134,32,41,90.92),(10134,33,27,116.56),(10134,34,31,187.85),(10134,35,20,131.04),(10134,36,30,51.48),(10134,37,35,94.67),(10135,2,42,173.17),(10135,3,48,110.39),(10135,4,24,72.62),(10135,5,29,103.64),(10135,6,48,66.99),(10135,7,45,65.94),(10135,8,42,139.64),(10135,9,31,133.92),(10135,10,45,49.74),(10135,11,29,67.18),(10135,12,20,34.36),(10135,13,27,52.05),(10135,14,47,139.03),(10135,15,23,76.80),(10135,16,33,38.62),(10135,17,30,91.85),(10135,18,44,78.92),(10136,19,25,117.48),(10136,20,36,120.91),(10136,28,41,169.34),(10137,29,44,115.73),(10137,30,37,110.88),(10137,31,31,118.68),(10137,32,26,40.25),(10138,1,45,59.53),(10138,2,22,33.19),(10138,3,33,38.53),(10138,4,28,73.60),(10138,5,30,96.30),(10138,6,49,77.05),(10138,7,21,99.58),(10138,8,29,32.82),(10138,33,33,149.60),(10138,34,22,51.46),(10138,35,38,114.42),(10138,36,47,79.15),(10138,37,23,64.86),(10139,9,49,52.83),(10139,10,31,89.38),(10139,11,41,151.88),(10139,12,46,91.18),(10139,13,20,52.47),(10139,14,20,101.58),(10139,15,30,81.35),(10139,16,29,93.49),(10140,17,37,186.44),(10140,18,26,131.49),(10140,19,38,118.90),(10140,20,32,95.67),(10140,28,46,51.05),(10140,29,40,100.50),(10140,30,29,40.25),(10140,31,47,118.84),(10140,32,26,87.64),(10140,33,28,62.05),(10140,34,36,101.15),(10141,1,34,143.94),(10141,2,20,50.86),(10141,3,21,32.18),(10141,4,40,104.09),(10141,5,24,53.03),(10141,6,44,94.92),(10141,35,21,114.95),(10141,36,39,160.46),(10141,37,47,103.09),(10142,7,33,166.24),(10142,8,33,140.50),(10142,9,47,129.76),(10142,10,46,167.83),(10142,11,22,95.80),(10142,12,24,122.08),(10142,13,24,79.87),(10142,14,33,114.29),(10142,15,49,74.35),(10142,16,42,60.90),(10142,17,42,56.24),(10142,18,41,55.34),(10142,19,43,77.08),(10142,20,21,92.16),(10142,28,38,91.37),(10142,29,39,46.96),(10143,1,34,34.91),(10143,2,36,86.77),(10143,3,26,87.80),(10143,4,26,79.78),(10143,5,31,69.39),(10143,6,28,70.40),(10143,7,34,65.15),(10143,8,37,49.66),(10143,30,49,133.28),(10143,31,32,126.15),(10143,32,46,70.54),(10143,33,34,99.52),(10143,34,27,63.71),(10143,35,33,59.83),(10143,36,23,74.64),(10143,37,28,55.96),(10144,10,20,56.41),(10145,9,45,76.56),(10145,11,37,104.67),(10145,12,33,154.93),(10145,13,49,146.10),(10145,14,30,71.81),(10145,15,30,52.70),(10145,16,43,103.68),(10145,17,40,87.54),(10145,18,47,63.98),(10145,19,27,56.10),(10145,20,33,71.73),(10145,28,33,99.89),(10145,29,31,39.43),(10145,30,27,95.93),(10145,31,38,73.22),(10145,32,20,113.90),(10146,33,47,60.30),(10146,34,29,130.94),(10147,1,33,97.89),(10147,2,26,70.84),(10147,3,36,74.78),(10147,4,37,129.35),(10147,5,25,33.23),(10147,6,30,48.98),(10147,7,23,123.58),(10147,8,31,72.76),(10147,35,48,161.49),(10147,36,31,110.39),(10147,37,21,74.21),(10148,9,47,108.26),(10148,10,23,114.65),(10148,11,25,136.56),(10148,12,27,113.52),(10148,13,32,143.94),(10148,14,28,135.63),(10148,15,34,83.75),(10148,16,29,66.28),(10148,17,25,65.41),(10148,18,47,46.29),(10148,19,21,77.24),(10148,20,34,115.09),(10148,28,31,71.91),(10148,29,27,96.37),(10149,1,49,39.87),(10149,2,26,38.57),(10149,3,20,90.57),(10149,30,50,87.33),(10149,31,30,48.52),(10149,32,34,156.40),(10149,33,24,50.85),(10149,34,33,125.86),(10149,35,23,167.06),(10149,36,42,89.29),(10149,37,36,31.20),(10150,4,45,182.16),(10150,5,20,121.15),(10150,6,30,135.30),(10150,7,34,95.67),(10150,8,47,93.21),(10150,9,26,97.39),(10150,10,30,56.21),(10150,11,49,111.39),(10150,12,30,47.29),(10150,13,49,62.05),(10150,14,20,95.08),(10151,15,24,114.95),(10151,16,43,152.27),(10151,17,49,106.78),(10151,18,39,58.34),(10151,19,21,167.65),(10151,20,42,109.90),(10151,28,30,29.35),(10151,29,27,84.75),(10151,30,41,43.29),(10151,31,26,108.81),(10152,32,35,117.77),(10152,33,25,49.13),(10152,34,23,112.37),(10152,35,33,57.17),(10153,1,49,155.72),(10153,2,31,125.66),(10153,3,29,82.69),(10153,4,22,82.50),(10153,5,40,111.83),(10153,6,31,53.31),(10153,7,43,58.00),(10153,8,31,80.55),(10153,9,20,85.41),(10153,10,50,87.15),(10153,11,50,51.87),(10153,36,20,201.57),(10153,37,42,128.42),(10154,12,31,75.23),(10154,13,36,59.27),(10155,14,32,129.20),(10155,15,38,138.77),(10155,16,44,83.44),(10155,17,29,105.87),(10155,18,23,62.34),(10155,19,34,56.55),(10155,20,37,76.31),(10155,28,44,58.69),(10155,29,32,89.61),(10155,30,20,87.75),(10155,31,43,76.80),(10155,32,44,70.33),(10155,33,34,49.16),(10156,34,20,43.64),(10156,35,48,77.64),(10157,1,33,66.65),(10157,2,34,83.91),(10157,3,28,56.41),(10157,4,48,109.16),(10157,36,33,69.27),(10157,37,40,89.72),(10158,5,22,67.79),(10159,6,49,81.35),(10159,7,37,101.10),(10159,8,22,170.42),(10159,9,38,131.04),(10159,10,41,188.73),(10159,11,24,67.03),(10159,12,42,51.48),(10159,13,21,66.74),(10159,14,25,129.35),(10159,15,21,54.71),(10159,16,32,142.85),(10159,17,44,100.30),(10159,18,27,67.18),(10159,19,50,49.60),(10159,20,23,80.84),(10159,28,35,39.43),(10159,29,23,86.74),(10159,30,31,78.11),(10160,31,46,96.30),(10160,32,50,93.28),(10160,33,38,70.84),(10160,34,20,140.55),(10160,35,42,30.59),(10160,36,35,130.60),(10161,1,43,102.04),(10161,2,48,139.41),(10161,3,23,125.40),(10161,4,36,132.80),(10161,5,25,62.72),(10161,6,37,73.49),(10161,7,23,47.29),(10161,8,20,82.69),(10161,9,20,72.77),(10161,10,25,108.04),(10161,11,30,94.23),(10161,37,28,121.72),(10162,12,48,87.33),(10162,13,45,45.28),(10162,14,29,141.10),(10162,15,27,53.28),(10162,16,38,113.15),(10162,17,48,156.94),(10162,18,39,86.51),(10162,19,37,27.55),(10162,20,43,38.98),(10162,28,37,32.82),(10163,29,21,212.16),(10163,30,31,101.31),(10163,31,48,59.96),(10163,32,40,101.58),(10163,33,43,80.36),(10163,34,42,96.42),(10164,1,25,46.29),(10164,2,24,91.49),(10164,3,49,57.53),(10164,4,39,86.99),(10164,35,21,143.31),(10164,36,49,121.64),(10164,37,36,103.84),(10165,5,44,168.32),(10165,6,34,123.89),(10165,7,27,152.26),(10165,8,48,109.02),(10165,9,46,120.28),(10165,10,29,134.26),(10165,11,31,60.77),(10165,12,47,154.10),(10165,13,50,84.71),(10165,14,28,123.51),(10165,15,25,46.82),(10165,16,32,117.57),(10165,17,27,31.12),(10165,18,24,106.45),(10165,19,48,50.86),(10165,20,44,55.30),(10165,28,48,106.49),(10165,29,38,49.21),(10166,30,43,136.59),(10166,31,26,72.85),(10166,32,29,76.22),(10167,1,21,54.81),(10167,2,20,77.00),(10167,3,32,64.44),(10167,4,29,73.80),(10167,5,43,66.00),(10167,6,29,87.80),(10167,7,46,62.16),(10167,8,24,85.14),(10167,9,40,42.71),(10167,10,28,83.42),(10167,11,38,43.68),(10167,33,44,123.76),(10167,34,43,141.92),(10167,35,46,69.68),(10167,36,34,84.70),(10167,37,33,110.60),(10168,12,36,94.74),(10168,13,27,97.53),(10168,14,20,160.74),(10168,15,21,75.19),(10168,16,46,49.06),(10168,17,50,103.68),(10168,18,49,93.01),(10168,19,29,72.36),(10168,20,27,57.32),(10168,28,48,68.10),(10168,29,28,89.90),(10168,30,31,57.78),(10168,31,48,39.71),(10168,32,28,91.34),(10168,33,31,87.75),(10168,34,36,94.92),(10168,35,48,72.00),(10168,36,39,67.37),(10169,1,35,126.52),(10169,2,36,71.82),(10169,3,32,65.13),(10169,4,36,136.70),(10169,5,38,52.84),(10169,6,33,120.53),(10169,7,38,66.49),(10169,8,34,53.27),(10169,9,26,37.01),(10169,10,24,77.61),(10169,11,34,83.68),(10169,12,48,75.66),(10169,37,30,163.44),(10170,13,47,116.27),(10170,14,41,93.28),(10170,15,20,70.07),(10170,16,34,130.60),(10171,17,35,134.46),(10171,18,35,128.03),(10171,19,39,165.95),(10171,20,36,34.74),(10172,28,42,109.51),(10172,29,39,117.48),(10172,30,48,139.87),(10172,31,32,61.00),(10172,32,34,43.27),(10172,33,22,79.97),(10172,34,24,77.91),(10172,35,22,87.81),(10173,1,24,168.30),(10173,2,26,55.09),(10173,3,31,127.13),(10173,4,22,140.06),(10173,5,28,56.84),(10173,6,31,86.92),(10173,7,29,90.28),(10173,8,21,77.31),(10173,9,31,29.87),(10173,10,39,58.44),(10173,11,27,39.42),(10173,12,23,98.65),(10173,13,35,35.70),(10173,14,22,93.49),(10173,36,43,101.71),(10173,37,48,51.75),(10174,15,34,207.87),(10174,16,43,113.44),(10174,17,48,108.50),(10174,18,46,100.30),(10174,19,49,44.27),(10175,1,42,80.92),(10175,20,33,119.67),(10175,28,26,109.02),(10175,29,48,101.87),(10175,30,41,59.55),(10175,31,29,150.71),(10175,32,47,102.92),(10175,33,28,121.40),(10175,34,37,32.18),(10175,35,22,89.57),(10175,36,50,50.86),(10175,37,29,56.24),(10176,2,33,166.24),(10176,3,47,145.04),(10176,4,50,160.91),(10176,5,20,139.17),(10176,6,36,140.75),(10176,7,27,55.49),(10176,8,29,101.72),(10176,9,23,109.96),(10176,10,22,62.14),(10176,11,38,52.14),(10177,12,23,113.37),(10177,13,29,92.77),(10177,14,35,82.50),(10177,15,50,115.52),(10177,16,45,79.66),(10177,17,24,58.67),(10177,18,31,77.95),(10177,19,32,64.33),(10177,20,44,88.15),(10177,28,24,83.42),(10177,29,40,52.96),(10178,1,34,86.90),(10178,2,22,91.74),(10178,3,45,68.11),(10178,4,45,41.71),(10178,30,24,131.92),(10178,31,42,127.73),(10178,32,41,70.54),(10178,33,48,104.81),(10178,34,34,67.82),(10178,35,27,65.75),(10178,36,21,68.77),(10178,37,30,64.15),(10179,5,24,82.79),(10179,6,47,105.04),(10179,7,27,66.65),(10179,8,45,86.90),(10179,9,34,43.20),(10179,10,24,63.97),(10179,11,23,75.81),(10179,12,25,98.48),(10179,13,39,80.00),(10180,14,29,76.56),(10180,15,42,99.91),(10180,16,41,164.61),(10180,17,40,131.04),(10180,18,25,48.46),(10180,19,21,59.06),(10180,20,44,147.31),(10180,28,48,98.05),(10180,29,28,61.70),(10180,30,35,60.95),(10180,31,28,68.71),(10180,32,34,33.39),(10180,33,22,102.05),(10180,34,21,74.85),(10181,1,36,107.10),(10181,2,44,124.56),(10181,3,42,124.44),(10181,4,22,74.69),(10181,5,21,129.45),(10181,6,27,130.68),(10181,7,45,147.33),(10181,8,30,73.17),(10181,9,39,137.04),(10181,10,22,120.53),(10181,11,34,45.28),(10181,12,37,32.85),(10181,13,23,54.49),(10181,14,25,122.17),(10181,35,27,155.66),(10181,36,28,113.92),(10181,37,20,67.03),(10182,1,23,34.88),(10182,15,25,83.22),(10182,16,32,44.21),(10182,17,44,159.80),(10182,18,38,54.49),(10182,19,20,105.52),(10182,20,21,135.00),(10182,28,33,86.31),(10182,29,36,88.35),(10182,30,44,61.29),(10182,31,47,63.20),(10182,32,39,31.86),(10182,33,31,39.87),(10182,34,36,87.24),(10182,35,20,116.27),(10182,36,33,73.62),(10182,37,49,95.30),(10183,2,23,180.01),(10183,3,28,127.06),(10183,4,41,114.80),(10183,5,21,108.50),(10183,6,37,91.18),(10183,7,39,51.22),(10183,8,22,90.06),(10183,9,40,42.26),(10183,10,21,118.66),(10183,11,47,81.81),(10183,12,49,52.36),(10183,13,23,85.98),(10184,14,37,105.47),(10184,15,46,145.72),(10184,16,46,119.05),(10184,17,44,60.77),(10184,18,28,165.95),(10184,19,31,57.22),(10184,20,24,117.57),(10184,28,42,30.06),(10184,29,49,114.73),(10184,30,46,84.75),(10184,31,33,52.49),(10184,32,48,59.03),(10184,33,45,92.60),(10185,1,49,94.79),(10185,2,39,127.82),(10185,3,47,87.77),(10185,4,30,105.69),(10185,5,33,83.20),(10185,6,20,46.86),(10185,7,21,64.67),(10185,8,30,79.68),(10185,9,37,99.17),(10185,10,39,61.44),(10185,11,22,93.35),(10185,12,28,47.50),(10185,34,21,195.33),(10185,35,33,146.55),(10185,36,43,147.07),(10185,37,28,124.30),(10186,13,26,108.80),(10186,14,32,137.19),(10186,15,32,73.12),(10186,16,46,98.46),(10186,17,22,60.29),(10186,18,21,59.83),(10186,19,36,68.77),(10186,20,24,80.56),(10186,28,28,42.71),(10187,1,44,70.33),(10187,29,45,70.12),(10187,30,46,96.29),(10187,31,43,55.96),(10187,32,33,64.48),(10187,33,31,61.22),(10187,34,41,39.71),(10187,35,34,84.95),(10187,36,44,95.73),(10187,37,34,72.00),(10188,2,48,95.70),(10188,3,38,111.80),(10188,4,45,182.04),(10188,5,32,52.09),(10188,6,25,95.80),(10188,7,40,61.70),(10188,8,44,81.91),(10188,10,29,96.11),(10189,9,28,138.57),(10190,11,42,58.87),(10190,12,46,38.62),(10190,13,42,89.80),(10190,14,40,67.53),(10191,15,21,155.66),(10191,16,40,104.52),(10191,17,30,70.22),(10191,18,36,75.59),(10191,19,23,119.06),(10191,20,43,60.93),(10191,28,32,136.90),(10191,29,48,53.27),(10191,30,44,77.61),(10192,1,45,125.74),(10192,2,37,72.02),(10192,3,47,49.30),(10192,4,46,86.33),(10192,5,23,112.74),(10192,6,30,33.23),(10192,7,32,69.34),(10192,8,46,93.16),(10192,10,45,112.34),(10192,31,27,99.04),(10192,32,22,140.12),(10192,33,29,100.80),(10192,34,45,70.84),(10192,35,47,128.03),(10192,36,38,110.88),(10192,37,26,137.17),(10193,9,28,92.47),(10193,11,46,46.36),(10193,12,21,153.00),(10193,13,42,60.54),(10193,14,44,115.69),(10193,15,22,143.44),(10193,16,28,87.13),(10193,17,24,53.09),(10193,18,23,97.39),(10193,19,32,79.37),(10193,20,24,92.03),(10193,28,25,66.28),(10193,29,26,32.19),(10193,30,20,44.80),(10193,31,22,38.16),(10193,32,20,92.52),(10194,1,32,113.82),(10194,2,41,47.79),(10194,3,49,112.46),(10194,4,37,77.05),(10194,5,39,61.41),(10194,6,26,80.92),(10194,33,42,203.59),(10194,34,26,134.44),(10194,35,38,124.37),(10194,36,21,103.84),(10194,37,45,51.05),(10195,7,49,118.50),(10195,8,27,139.17),(10195,9,50,150.71),(10195,10,35,112.91),(10195,11,44,54.33),(10195,12,32,31.82),(10195,13,34,95.81),(10195,14,32,51.95),(10195,15,33,59.03),(10195,16,49,97.23),(10196,17,47,203.64),(10196,18,24,151.08),(10196,19,38,147.07),(10196,20,49,127.03),(10196,28,35,81.68),(10196,29,27,126.39),(10196,30,46,56.82),(10196,31,50,84.88),(10197,1,22,67.93),(10197,2,23,60.00),(10197,3,24,78.75),(10197,4,50,66.50),(10197,5,27,100.17),(10197,6,35,88.39),(10197,7,29,39.73),(10197,8,42,48.59),(10197,32,45,118.32),(10197,33,46,83.44),(10197,34,22,85.75),(10197,35,50,78.99),(10197,36,41,109.37),(10197,37,47,83.20),(10198,9,48,60.97),(10198,10,42,149.81),(10198,11,27,61.81),(10198,12,43,65.51),(10198,13,42,94.73),(10198,14,40,74.03),(10199,15,29,37.97),(10199,16,48,81.29),(10199,17,38,70.40),(10200,18,28,74.34),(10200,19,33,99.57),(10200,20,39,70.28),(10200,28,35,80.91),(10200,29,27,65.35),(10200,30,39,115.09),(10201,31,22,82.30),(10201,32,24,116.56),(10201,33,49,191.72),(10201,34,25,126.52),(10201,35,30,48.46),(10201,36,39,93.54),(10201,37,25,66.27),(10202,1,30,55.33),(10202,2,43,124.99),(10202,3,50,56.10),(10202,4,50,75.18),(10202,5,27,33.39),(10202,6,31,81.64),(10202,7,40,79.73),(10203,8,20,161.49),(10203,9,44,63.84),(10203,10,20,111.57),(10203,11,47,115.16),(10203,12,45,73.15),(10203,13,48,157.49),(10203,14,33,66.74),(10203,15,32,127.88),(10203,16,21,33.23),(10203,17,34,56.94),(10203,18,47,140.43),(10204,1,42,112.74),(10204,2,40,84.75),(10204,3,48,104.94),(10204,4,39,34.88),(10204,19,42,114.65),(10204,20,40,113.24),(10204,28,33,153.00),(10204,29,38,133.72),(10204,30,23,59.33),(10204,31,26,119.50),(10204,32,27,106.92),(10204,33,35,132.80),(10204,34,29,83.75),(10204,35,45,69.84),(10204,36,20,69.82),(10204,37,45,46.79),(10205,1,24,36.74),(10205,5,36,98.63),(10205,6,48,45.82),(10205,7,40,138.38),(10205,8,32,27.88),(10206,2,47,203.59),(10206,3,28,109.34),(10206,4,34,115.50),(10206,5,37,98.27),(10206,6,28,51.84),(10206,7,30,102.63),(10206,8,28,99.21),(10206,9,33,95.44),(10206,10,21,45.78),(10206,11,36,54.94),(10206,12,33,89.01),(10207,13,31,125.58),(10207,14,34,95.99),(10207,15,44,140.81),(10207,16,43,109.23),(10207,17,37,60.77),(10207,18,25,140.55),(10207,19,40,143.62),(10207,20,47,119.87),(10207,28,49,57.80),(10207,29,46,127.79),(10207,30,42,30.76),(10207,31,28,108.82),(10207,32,49,84.75),(10207,33,27,51.95),(10207,34,45,55.30),(10207,35,28,106.49),(10208,1,20,152.26),(10208,2,24,117.47),(10208,3,48,96.81),(10208,4,45,72.85),(10208,5,35,122.89),(10208,6,20,80.54),(10208,7,30,57.99),(10208,8,38,56.67),(10208,9,46,63.61),(10208,10,40,73.62),(10208,11,37,95.16),(10208,12,33,95.34),(10208,13,42,48.05),(10208,36,46,176.63),(10208,37,26,128.42),(10209,14,39,129.20),(10209,15,28,82.58),(10209,16,20,97.40),(10209,17,43,66.45),(10209,18,36,56.55),(10209,19,22,79.67),(10209,20,33,90.52),(10209,28,48,44.20),(10210,1,46,84.91),(10210,2,39,57.10),(10210,3,43,43.20),(10210,4,21,87.69),(10210,5,26,93.74),(10210,6,25,98.48),(10210,7,31,64.00),(10210,8,42,60.70),(10210,29,23,112.99),(10210,30,34,189.79),(10210,31,31,141.92),(10210,32,50,68.43),(10210,33,40,51.48),(10210,34,27,100.67),(10210,35,30,63.22),(10210,36,29,56.64),(10210,37,40,68.10),(10211,9,41,171.22),(10211,10,41,90.92),(10211,11,36,126.52),(10211,12,28,79.80),(10211,13,35,73.17),(10211,14,28,138.17),(10211,15,46,60.30),(10211,16,41,148.80),(10211,17,25,109.32),(10211,18,21,62.33),(10211,19,48,52.66),(10211,20,22,80.84),(10211,28,41,39.83),(10211,29,37,94.91),(10211,30,40,70.78),(10212,1,40,155.79),(10212,2,45,115.85),(10212,3,41,61.73),(10212,4,45,43.27),(10212,5,45,81.78),(10212,6,34,37.38),(10212,7,27,77.91),(10212,8,46,100.66),(10212,10,49,117.96),(10212,31,39,99.82),(10212,32,33,110.55),(10212,33,29,117.48),(10212,34,38,105.77),(10212,35,20,64.68),(10212,36,41,133.72),(10212,37,40,117.48),(10213,9,38,84.67),(10213,11,25,58.44),(10213,12,27,97.48),(10214,13,30,166.60),(10214,14,21,53.28),(10214,15,27,125.86),(10214,16,50,167.06),(10214,17,20,32.19),(10214,18,49,39.87),(10214,19,44,38.57),(10215,20,35,205.73),(10215,28,46,100.34),(10215,29,27,92.47),(10215,30,33,53.91),(10215,31,49,97.26),(10215,32,31,56.21),(10215,33,49,89.01),(10215,34,41,84.33),(10215,35,46,42.76),(10215,36,39,94.47),(10216,37,43,133.94),(10217,1,48,132.97),(10217,2,35,58.34),(10217,3,38,118.66),(10217,4,28,103.51),(10217,5,21,78.97),(10217,6,39,56.24),(10217,7,31,90.02),(10218,8,22,110.46),(10218,10,34,152.41),(10219,9,48,94.80),(10219,11,43,132.62),(10219,12,21,31.12),(10219,13,35,47.62),(10220,14,32,189.10),(10220,15,30,151.08),(10220,16,27,166.10),(10220,17,50,126.39),(10220,18,26,48.55),(10220,19,37,101.72),(10220,20,20,49.71),(10220,28,37,92.60),(10220,29,30,56.82),(10221,30,33,133.86),(10221,31,23,89.75),(10221,32,39,84.26),(10221,33,49,113.06),(10221,34,23,69.29),(10222,1,45,88.93),(10222,2,32,56.86),(10222,3,47,74.35),(10222,4,43,61.15),(10222,5,46,77.99),(10222,6,48,55.27),(10222,7,31,58.67),(10222,8,26,80.56),(10222,9,36,69.39),(10222,10,37,90.75),(10222,11,38,84.14),(10222,12,31,81.43),(10222,13,43,66.63),(10222,14,31,45.19),(10222,15,36,48.59),(10222,35,49,133.28),(10222,36,49,137.19),(10222,37,49,79.14),(10223,16,37,80.39),(10223,17,47,110.61),(10223,18,49,189.79),(10223,19,47,67.58),(10223,20,28,58.75),(10223,28,32,104.81),(10223,29,34,87.54),(10223,30,38,60.94),(10223,31,23,68.10),(10223,32,21,90.90),(10223,33,20,66.73),(10223,34,41,41.02),(10223,35,25,84.03),(10223,36,29,113.90),(10223,37,26,79.20),(10224,1,43,141.58),(10224,2,38,57.20),(10224,3,37,60.26),(10224,4,43,37.01),(10224,5,30,94.91),(10224,6,50,81.36),(10225,7,27,157.60),(10225,8,25,101.00),(10225,9,21,100.19),(10225,10,37,64.64),(10225,11,32,116.06),(10225,12,47,71.61),(10225,13,43,162.57),(10225,14,37,69.96),(10225,15,27,119.06),(10225,16,35,135.41),(10225,17,42,34.74),(10225,18,24,51.43),(10225,19,40,130.60),(10225,20,46,77.61),(10226,28,38,108.26),(10226,29,24,129.45),(10226,30,24,125.40),(10226,31,46,122.91),(10226,32,21,65.41),(10226,33,36,47.79),(10226,34,48,95.30),(10227,1,28,59.93),(10227,2,46,118.23),(10227,3,29,146.81),(10227,4,33,99.21),(10227,5,34,87.43),(10227,6,37,70.56),(10227,7,42,27.22),(10227,8,24,39.42),(10227,9,33,102.17),(10227,10,47,84.51),(10227,11,40,78.76),(10227,12,27,34.88),(10227,35,25,85.27),(10227,36,31,50.14),(10227,37,26,136.00),(10228,13,29,214.30),(10228,14,32,100.34),(10228,15,24,101.31),(10228,16,45,57.46),(10228,17,31,100.53),(10228,18,33,84.73),(10229,1,30,52.36),(10229,2,50,91.04),(10229,19,50,138.88),(10229,20,25,110.70),(10229,28,36,95.99),(10229,29,26,104.32),(10229,30,28,53.48),(10229,31,22,157.49),(10229,32,41,119.87),(10229,33,39,43.77),(10229,34,48,115.01),(10229,35,33,34.65),(10229,36,25,78.97),(10229,37,23,49.78),(10230,3,43,128.42),(10230,4,49,153.91),(10230,5,42,142.18),(10230,6,36,47.40),(10230,7,45,99.36),(10230,8,46,59.03),(10230,9,43,57.41),(10230,10,34,100.70),(10231,11,42,193.25),(10231,12,49,147.07),(10232,13,22,133.86),(10232,14,48,97.81),(10232,15,23,78.12),(10232,16,46,113.06),(10232,17,26,84.88),(10232,18,48,86.15),(10232,19,35,81.43),(10232,20,24,48.59),(10233,28,40,70.81),(10233,29,36,66.00),(10233,30,29,67.94),(10234,1,29,83.28),(10234,2,40,45.69),(10234,31,48,118.32),(10234,32,50,146.65),(10234,33,48,84.30),(10234,34,39,85.75),(10234,35,44,67.14),(10234,36,25,65.09),(10234,37,31,78.83),(10235,3,24,81.95),(10235,4,23,89.72),(10235,5,33,55.27),(10235,6,40,63.03),(10235,7,41,90.90),(10235,8,34,66.73),(10235,9,25,88.60),(10235,10,41,37.09),(10235,11,38,92.74),(10235,12,25,116.28),(10235,13,32,73.60),(10235,14,34,70.33),(10236,15,22,105.86),(10236,16,23,52.70),(10236,17,36,65.51),(10237,18,23,91.87),(10237,19,39,158.80),(10237,20,32,129.53),(10237,28,26,49.74),(10237,29,20,109.32),(10237,30,26,62.33),(10237,31,26,35.00),(10237,32,27,94.91),(10237,33,20,78.92),(10238,1,49,144.05),(10238,2,44,120.53),(10238,3,47,53.88),(10238,4,22,67.91),(10238,34,28,161.49),(10238,35,29,104.52),(10238,36,20,73.42),(10238,37,41,68.35),(10239,5,21,100.19),(10239,6,46,70.07),(10239,7,47,135.47),(10239,8,20,32.47),(10239,10,29,133.41),(10240,9,41,125.97),(10240,11,37,136.56),(10240,12,37,134.22),(10241,13,21,119.46),(10241,14,41,153.00),(10241,15,33,55.70),(10241,16,44,126.72),(10241,17,42,77.31),(10241,18,30,62.72),(10241,19,22,72.02),(10241,20,21,47.29),(10241,28,47,89.05),(10241,29,28,117.44),(10241,30,26,69.34),(10241,31,27,107.08),(10242,32,46,36.52),(10243,33,47,111.87),(10243,34,33,30.87),(10244,1,30,87.13),(10244,2,24,54.96),(10244,3,29,85.87),(10244,4,36,87.30),(10244,5,39,42.11),(10244,6,40,97.39),(10244,35,40,99.66),(10244,36,20,48.52),(10244,37,43,141.75),(10245,7,34,195.01),(10245,8,28,147.74),(10245,9,29,114.34),(10245,10,38,120.27),(10245,11,21,111.39),(10245,12,45,48.80),(10245,13,37,81.86),(10245,14,44,54.94),(10245,15,44,81.93),(10246,16,46,99.54),(10246,17,40,144.08),(10246,18,22,100.64),(10246,19,30,57.73),(10246,20,36,145.63),(10246,28,44,46.24),(10246,29,29,118.84),(10246,30,49,34.65),(10246,31,46,100.54),(10246,32,35,45.45),(10246,33,22,113.44),(10247,1,40,58.41),(10247,2,49,51.55),(10247,34,44,195.33),(10247,35,25,140.50),(10247,36,27,167.83),(10247,37,48,143.62),(10248,3,20,126.48),(10248,4,21,80.86),(10248,5,32,133.86),(10248,6,42,95.80),(10248,7,42,87.77),(10248,8,48,122.89),(10248,9,23,83.02),(10248,10,30,85.85),(10248,11,36,66.00),(10248,12,40,81.41),(10248,13,32,69.39),(10248,14,30,84.14),(10248,15,35,92.36),(10248,16,23,53.51),(10249,17,46,88.93),(10249,18,20,54.81),(10249,19,25,65.75),(10249,20,40,85.99),(10249,28,32,49.16),(10250,1,31,91.34),(10250,2,35,90.75),(10250,3,44,98.48),(10250,4,44,76.00),(10250,5,38,65.89),(10250,29,45,148.23),(10250,30,27,84.48),(10250,31,31,95.20),(10250,32,32,63.22),(10250,33,40,61.42),(10250,34,37,72.45),(10250,35,31,99.89),(10250,36,50,62.60),(10250,37,36,36.66),(10251,6,59,93.79),(10251,7,44,115.37),(10251,8,43,172.36),(10251,9,44,58.15),(10251,10,46,129.53),(10251,11,50,91.29),(10252,12,20,74.78),(10252,13,41,145.52),(10252,14,31,50.36),(10252,15,26,127.97),(10252,16,47,63.03),(10252,17,38,69.52),(10252,18,36,36.21),(10252,19,25,93.89),(10252,20,48,72.41),(10253,1,31,139.87),(10253,2,40,34.74),(10253,3,24,50.82),(10253,4,39,115.15),(10253,28,24,157.60),(10253,29,22,102.17),(10253,30,25,67.03),(10253,31,41,109.40),(10253,32,26,130.22),(10253,33,24,103.29),(10253,34,23,67.76),(10253,35,33,130.87),(10253,36,37,114.84),(10253,37,40,145.63),(10254,5,49,137.70),(10254,6,36,55.09),(10254,7,41,102.98),(10254,8,34,80.99),(10254,9,34,66.88),(10254,10,30,59.87),(10254,11,32,43.27),(10254,12,38,28.88),(10254,13,31,85.42),(10254,14,33,111.57),(10254,15,42,69.34),(10254,16,49,101.73),(10254,17,20,39.80),(10255,18,24,135.00),(10255,19,37,37.63),(10256,20,34,93.49),(10256,28,29,52.83),(10257,29,50,92.19),(10257,30,49,59.34),(10257,31,37,83.78),(10257,32,26,91.27),(10257,33,46,81.81),(10258,1,20,62.70),(10258,2,45,86.99),(10258,34,32,177.87),(10258,35,41,133.94),(10258,36,41,113.17),(10258,37,21,49.81),(10259,3,26,121.15),(10259,4,46,117.32),(10259,5,30,134.26),(10259,6,34,120.28),(10259,7,30,59.55),(10259,8,27,152.41),(10259,9,28,46.82),(10259,10,41,107.76),(10259,11,47,121.40),(10259,12,31,31.47),(10259,13,45,95.35),(10259,14,40,45.99),(10259,15,29,105.33),(10260,16,46,180.79),(10260,17,30,140.50),(10260,18,44,169.56),(10260,19,32,121.57),(10260,20,29,92.77),(10260,28,23,137.88),(10260,29,23,117.10),(10260,30,27,55.30),(10260,31,21,56.24),(10260,32,33,80.55),(10261,1,44,58.55),(10261,2,25,89.15),(10261,3,50,88.39),(10261,4,29,43.68),(10261,33,27,116.96),(10261,34,20,80.75),(10261,35,36,105.69),(10261,36,22,79.66),(10261,37,34,64.00),(10262,5,49,157.69),(10262,6,32,81.72),(10262,7,34,85.75),(10262,8,34,98.48),(10262,9,46,65.75),(10262,10,24,63.71),(10262,11,49,82.18),(10262,12,48,58.69),(10262,13,40,63.97),(10262,14,49,35.78),(10262,15,40,87.69),(10262,16,44,83.28),(10262,17,33,81.77),(10262,18,27,64.80),(10262,19,35,64.41),(10262,20,21,41.71),(10263,1,47,117.46),(10263,28,34,89.00),(10263,29,40,107.05),(10263,30,41,193.66),(10263,31,48,123.51),(10263,32,33,67.58),(10263,33,34,50.27),(10263,34,42,109.32),(10263,35,37,67.03),(10263,36,24,59.41),(10263,37,31,93.90),(10264,2,48,58.44),(10264,3,20,124.99),(10264,4,37,61.64),(10264,5,47,75.18),(10264,6,20,39.02),(10264,7,34,100.01),(10264,8,47,67.53),(10265,9,49,123.47),(10265,10,45,74.78),(10266,11,44,188.73),(10266,12,22,110.39),(10266,13,35,67.83),(10266,14,40,112.86),(10266,15,21,131.63),(10266,16,36,99.55),(10266,17,33,77.00),(10266,18,49,139.41),(10266,19,20,113.52),(10266,20,29,137.17),(10266,28,33,127.15),(10266,29,28,40.25),(10266,30,34,35.12),(10266,31,47,56.33),(10266,32,24,119.37),(10267,1,43,98.51),(10267,33,36,71.27),(10267,34,40,72.02),(10267,35,38,76.33),(10267,36,43,93.95),(10267,37,44,83.90),(10268,2,49,93.49),(10268,3,26,45.82),(10268,4,34,164.90),(10268,5,31,60.54),(10268,6,50,124.59),(10268,7,35,148.50),(10268,8,39,96.23),(10268,9,33,31.86),(10268,10,35,84.67),(10268,11,40,36.29),(10268,12,30,37.75),(10269,13,32,57.46),(10269,14,48,95.44),(10270,15,21,171.44),(10270,16,32,124.10),(10270,17,28,135.30),(10270,18,43,94.50),(10270,19,31,81.05),(10270,20,38,85.87),(10270,28,38,107.76),(10270,29,44,40.25),(10270,30,32,93.42),(10270,31,21,52.36),(10270,32,46,101.15),(10271,1,45,49.71),(10271,2,43,122.68),(10271,3,38,28.64),(10271,4,22,110.00),(10271,5,35,51.95),(10271,6,34,93.76),(10271,33,31,99.54),(10271,34,50,147.36),(10271,35,50,121.50),(10271,36,25,59.55),(10271,37,20,169.34),(10272,7,35,187.02),(10272,8,27,123.89),(10272,9,25,126.39),(10272,10,39,148.80),(10272,11,45,56.55),(10272,12,43,53.89),(10273,13,30,136.00),(10273,14,34,84.30),(10273,15,40,117.47),(10273,16,47,87.73),(10273,17,50,105.87),(10273,18,33,72.85),(10273,19,22,103.23),(10273,20,27,84.08),(10273,28,48,83.86),(10273,29,21,66.00),(10273,30,21,77.95),(10273,31,42,57.82),(10273,32,40,91.15),(10273,33,26,89.38),(10273,34,37,51.32),(10274,1,24,75.13),(10274,2,32,49.66),(10274,35,41,129.31),(10274,36,40,56.86),(10274,37,24,65.09),(10275,3,45,81.35),(10275,4,22,115.37),(10275,5,36,154.93),(10275,6,35,70.12),(10275,7,37,52.09),(10275,8,21,105.94),(10275,9,30,61.70),(10275,10,25,97.38),(10275,11,41,58.00),(10275,12,27,67.38),(10275,13,23,89.90),(10275,14,28,58.47),(10275,15,38,40.15),(10275,16,32,85.86),(10275,17,39,82.77),(10275,18,48,102.04),(10275,19,43,72.00),(10275,20,31,59.96),(10276,1,48,67.10),(10276,2,27,35.40),(10276,3,38,94.91),(10276,4,21,67.53),(10276,28,50,184.84),(10276,29,43,150.62),(10276,30,47,104.52),(10276,31,38,67.83),(10276,32,38,78.00),(10276,33,30,139.64),(10276,34,33,54.71),(10276,35,48,120.53),(10276,36,46,61.64),(10276,37,20,58.17),(10277,5,28,93.28),(10278,6,34,114.65),(10278,7,23,107.02),(10278,8,29,73.15),(10278,9,39,117.48),(10278,10,29,118.07),(10278,11,42,167.65),(10278,12,31,114.44),(10278,13,35,48.80),(10278,14,31,37.38),(10278,15,25,136.22),(10279,16,26,68.42),(10279,17,32,68.35),(10279,18,49,76.33),(10279,19,48,106.87),(10279,20,33,78.76),(10279,28,48,95.30),(10280,1,43,54.34),(10280,2,29,102.63),(10280,3,34,99.21),(10280,4,35,77.31),(10280,5,20,29.87),(10280,6,45,36.29),(10280,7,33,35.29),(10280,8,21,79.86),(10280,29,34,205.73),(10280,30,24,98.00),(10280,31,50,87.33),(10280,32,27,47.44),(10280,33,26,161.50),(10280,34,25,53.28),(10280,35,37,109.33),(10280,36,22,158.63),(10280,37,46,82.06),(10281,9,25,127.10),(10281,10,44,132.97),(10281,11,41,98.36),(10281,12,48,114.14),(10281,13,29,56.52),(10281,14,25,135.47),(10281,15,25,96.86),(10281,16,44,42.76),(10281,17,25,112.46),(10281,18,20,33.95),(10281,19,29,80.90),(10281,20,31,44.91),(10281,28,36,59.47),(10281,29,27,89.01),(10282,1,39,96.99),(10282,2,36,51.58),(10282,3,38,114.59),(10282,4,37,56.24),(10282,5,43,77.95),(10282,30,41,176.63),(10282,31,27,142.02),(10282,32,24,169.56),(10282,33,23,147.36),(10282,34,43,122.93),(10282,35,36,88.74),(10282,36,31,132.13),(10282,37,29,49.71),(10283,6,25,130.56),(10283,7,21,78.28),(10283,8,46,100.58),(10283,9,42,99.54),(10283,10,34,71.97),(10283,11,34,80.54),(10283,12,33,77.15),(10283,13,45,62.00),(10283,14,20,74.23),(10283,15,47,68.67),(10283,16,22,88.15),(10283,17,38,85.41),(10283,18,43,41.22),(10283,19,33,49.14),(10284,1,25,68.00),(10284,2,32,73.29),(10284,20,45,137.19),(10284,28,31,68.43),(10284,29,22,101.76),(10284,30,30,65.08),(10284,31,39,59.83),(10284,32,21,65.51),(10284,33,21,66.65),(10284,34,50,60.54),(10284,35,33,35.78),(10284,36,24,87.69),(10284,37,45,95.73),(10285,3,36,95.70),(10285,4,47,110.61),(10285,5,27,166.55),(10285,6,49,131.04),(10285,7,20,50.88),(10285,8,34,91.29),(10285,9,38,64.41),(10285,10,39,61.70),(10285,11,37,82.91),(10285,12,37,36.61),(10285,13,26,100.01),(10285,14,39,76.48),(10285,15,45,102.04),(10286,16,38,51.60),(10287,1,20,58.17),(10287,2,36,137.62),(10287,3,40,79.22),(10287,17,21,190.68),(10287,18,45,117.44),(10287,19,41,74.21),(10287,20,23,107.10),(10287,28,41,113.23),(10287,29,44,61.60),(10287,30,24,123.76),(10287,31,44,114.84),(10287,32,36,137.17),(10287,33,43,68.35),(10287,34,40,127.88),(10287,35,27,139.87),(10287,36,34,119.04),(10287,37,36,31.34),(10288,4,20,120.71),(10288,5,32,168.30),(10288,6,28,50.25),(10288,7,31,102.98),(10288,8,35,90.19),(10288,9,36,66.88),(10288,10,23,57.02),(10288,11,50,49.30),(10288,12,29,32.19),(10288,13,35,81.78),(10288,14,48,109.22),(10288,15,34,76.19),(10288,16,41,101.73),(10288,17,33,37.75),(10289,18,38,92.47),(10289,19,24,44.75),(10289,20,43,141.75),(10289,28,45,41.22),(10290,29,26,80.36),(10290,30,45,83.76),(10291,1,23,93.20),(10291,2,48,96.86),(10291,3,29,45.28),(10291,4,48,109.90),(10291,5,26,82.83),(10291,6,32,53.00),(10291,7,28,86.99),(10291,31,37,210.01),(10291,32,30,141.83),(10291,33,41,123.00),(10291,34,41,96.84),(10291,35,26,52.26),(10291,36,47,99.28),(10291,37,37,56.21),(10292,8,21,94.80),(10292,9,41,103.09),(10292,10,26,140.81),(10292,11,21,147.33),(10292,12,44,114.90),(10292,13,40,48.55),(10292,14,39,34.30),(10292,15,27,113.55),(10292,16,50,54.11),(10292,17,31,59.65),(10292,18,41,113.44),(10292,19,35,49.79),(10293,20,46,187.02),(10293,28,24,129.93),(10293,29,45,171.29),(10293,30,24,110.64),(10293,31,22,91.76),(10293,32,49,72.85),(10293,33,21,111.83),(10293,34,29,77.95),(10293,35,32,51.32),(10294,36,45,98.32),(10295,1,46,84.08),(10295,2,26,62.00),(10295,3,44,71.56),(10295,4,34,93.16),(10295,37,24,136.00),(10296,5,36,146.65),(10296,6,21,69.68),(10296,7,22,105.87),(10296,8,21,60.97),(10296,9,22,83.02),(10296,10,31,63.78),(10296,11,32,63.46),(10296,12,26,41.02),(10296,13,42,75.81),(10296,14,34,89.61),(10296,15,24,96.73),(10296,16,22,74.40),(10296,17,47,61.44),(10296,18,21,46.68),(10297,19,25,81.95),(10297,20,32,107.23),(10297,28,32,70.08),(10297,29,23,71.73),(10297,30,26,88.90),(10297,31,28,63.29),(10297,32,35,111.53),(10298,33,39,105.86),(10298,34,32,60.57),(10299,1,39,62.17),(10299,2,49,119.04),(10299,3,47,107.07),(10299,4,33,58.87),(10299,5,32,66.29),(10299,6,24,36.21),(10299,7,38,84.70),(10299,8,44,77.29),(10299,35,23,76.56),(10299,36,29,164.61),(10299,37,24,123.51),(10300,9,29,116.27),(10300,10,33,184.84),(10300,11,22,76.61),(10300,12,23,95.58),(10300,13,41,63.14),(10300,14,49,65.94),(10300,15,23,144.05),(10300,16,31,52.05),(10301,17,37,114.65),(10301,18,32,118.22),(10301,19,47,119.49),(10301,20,22,113.52),(10301,28,23,135.47),(10301,29,39,137.04),(10301,30,27,64.67),(10301,31,22,40.75),(10301,32,48,32.10),(10301,33,22,86.73),(10301,34,50,122.17),(10302,1,49,75.42),(10302,2,45,104.52),(10302,3,48,74.48),(10302,35,43,166.60),(10302,36,38,82.83),(10302,37,23,70.56),(10303,4,46,56.91),(10303,5,24,35.70),(10304,6,47,201.44),(10304,7,39,117.54),(10304,8,46,106.17),(10304,9,37,46.90),(10304,10,37,95.55),(10304,11,24,102.98),(10304,12,20,141.75),(10304,13,46,98.27),(10304,14,24,54.34),(10304,15,26,90.06),(10304,16,38,95.24),(10304,17,34,44.27),(10304,18,23,29.21),(10304,19,44,42.11),(10304,20,33,80.83),(10304,28,36,52.36),(10304,29,40,80.92),(10305,1,24,107.34),(10305,2,48,30.76),(10305,3,36,118.28),(10305,4,28,94.38),(10305,5,40,48.70),(10305,6,42,109.96),(10305,30,38,130.01),(10305,31,38,107.84),(10305,32,27,132.62),(10305,33,36,117.82),(10305,34,41,58.95),(10305,35,37,160.87),(10305,36,22,112.60),(10305,37,45,48.55),(10306,7,31,182.86),(10306,8,34,145.04),(10306,9,32,114.74),(10306,10,20,145.34),(10306,11,40,83.70),(10306,12,23,126.39),(10306,13,39,85.14),(10306,14,29,109.37),(10306,15,31,76.12),(10306,16,46,60.28),(10306,17,34,51.55),(10306,18,50,61.34),(10306,19,38,73.62),(10306,20,43,62.16),(10306,28,32,99.17),(10306,29,30,87.39),(10306,30,35,48.05),(10307,1,34,81.47),(10307,2,34,44.20),(10307,31,22,118.32),(10307,32,39,135.61),(10307,33,31,71.40),(10307,34,48,92.11),(10307,35,25,58.23),(10307,36,22,64.44),(10307,37,22,75.47),(10308,3,34,115.37),(10308,4,20,187.85),(10308,5,27,81.95),(10308,6,34,48.46),(10308,7,31,99.57),(10308,8,47,68.55),(10308,9,44,71.73),(10308,10,43,58.00),(10308,11,24,99.89),(10308,12,46,61.22),(10308,13,47,37.09),(10308,14,21,73.07),(10308,15,35,88.75),(10308,16,31,100.85),(10308,17,21,79.20),(10308,18,39,62.93),(10309,19,41,94.74),(10309,20,26,144.60),(10309,28,21,96.92),(10309,29,24,59.56),(10309,30,50,93.89),(10309,31,28,74.04),(10310,1,24,129.45),(10310,2,48,159.18),(10310,3,27,70.76),(10310,4,49,122.00),(10310,5,42,59.06),(10310,6,40,133.92),(10310,7,33,33.23),(10310,8,38,50.21),(10310,9,49,75.18),(10310,10,45,139.03),(10310,11,36,38.62),(10310,32,33,165.38),(10310,33,24,105.70),(10310,34,49,77.41),(10310,35,25,101.34),(10310,36,37,128.80),(10310,37,20,66.99),(10311,12,29,124.44),(10311,13,43,114.84),(10311,14,32,134.22),(10311,15,41,92.03),(10311,16,25,66.99),(10311,17,26,70.55),(10311,18,45,48.80),(10311,19,28,89.05),(10311,20,43,116.27),(10311,28,25,85.61),(10311,29,46,91.02),(10312,1,37,91.18),(10312,2,35,54.34),(10312,3,38,93.20),(10312,4,33,84.33),(10312,5,39,44.27),(10312,6,39,27.88),(10312,7,23,43.46),(10312,8,31,40.21),(10312,10,44,96.42),(10312,30,48,214.30),(10312,31,32,101.50),(10312,32,43,102.74),(10312,33,25,43.67),(10312,34,48,146.20),(10312,35,30,48.43),(10312,36,31,111.87),(10312,37,25,150.19),(10313,1,21,131.20),(10313,2,29,109.23),(10313,3,34,52.87),(10313,4,25,143.94),(10313,5,28,110.18),(10313,6,42,102.23),(10313,7,27,96.31),(10313,8,38,48.70),(10313,9,30,96.09),(10313,10,34,55.59),(10314,11,38,176.63),(10314,12,46,125.40),(10314,13,36,169.56),(10314,14,45,95.99),(10314,15,42,135.90),(10314,16,20,129.76),(10314,17,23,84.71),(10314,18,29,129.26),(10314,19,44,51.44),(10314,20,39,31.82),(10314,28,38,111.18),(10314,29,35,58.41),(10314,30,28,115.75),(10314,31,38,50.38),(10314,32,23,83.15),(10315,1,37,88.39),(10315,2,40,51.32),(10315,33,36,78.12),(10315,34,35,111.83),(10315,35,24,78.77),(10315,36,41,60.67),(10315,37,31,99.17),(10316,3,33,126.48),(10316,4,27,140.34),(10316,5,21,72.26),(10316,6,47,89.99),(10316,7,25,93.01),(10316,8,34,67.14),(10316,9,25,77.15),(10316,10,47,55.23),(10316,11,30,67.56),(10316,12,24,59.16),(10316,13,34,36.66),(10316,14,34,74.90),(10316,15,45,73.32),(10316,16,23,85.76),(10316,17,48,67.22),(10316,18,48,77.60),(10316,19,44,68.11),(10316,20,34,43.70),(10317,28,35,69.55),(10318,29,46,84.22),(10318,30,45,102.29),(10318,31,37,189.79),(10318,32,31,81.95),(10318,33,42,49.67),(10318,34,48,93.54),(10318,35,26,60.94),(10318,36,47,81.91),(10318,37,50,102.04),(10319,1,30,134.05),(10319,2,46,77.19),(10319,3,44,54.71),(10319,4,45,119.53),(10319,5,31,65.80),(10319,6,43,78.41),(10319,7,29,35.00),(10319,8,22,96.95),(10319,10,45,79.73),(10320,9,31,184.84),(10320,11,35,102.17),(10320,12,38,63.84),(10320,13,25,139.64),(10320,14,26,60.62),(10321,15,24,105.95),(10321,16,41,123.14),(10321,17,44,120.71),(10321,18,37,73.92),(10321,19,25,142.25),(10321,20,27,126.72),(10321,28,33,164.26),(10321,29,28,138.45),(10321,30,30,68.35),(10321,31,48,42.76),(10321,32,30,74.51),(10321,33,37,31.72),(10321,34,39,81.33),(10321,35,21,103.87),(10321,36,26,137.62),(10322,1,46,141.83),(10322,2,27,136.67),(10322,3,22,101.50),(10322,4,43,92.47),(10322,5,41,44.21),(10322,6,50,120.77),(10322,7,35,57.12),(10322,8,36,158.63),(10322,9,41,54.34),(10322,10,33,100.30),(10322,11,48,90.06),(10322,12,20,26.55),(10322,13,30,40.77),(10322,37,40,180.01),(10323,14,33,88.30),(10323,15,47,96.86),(10324,16,27,148.06),(10324,17,26,100.73),(10324,18,47,142.45),(10324,19,33,105.55),(10324,20,27,137.17),(10324,28,49,120.64),(10324,29,38,49.81),(10324,30,25,49.71),(10324,31,31,107.34),(10324,32,30,29.35),(10324,33,33,95.44),(10324,34,20,91.49),(10324,35,48,60.76),(10324,36,34,80.92),(10325,1,42,193.25),(10325,2,24,166.10),(10325,3,24,114.74),(10325,4,44,114.73),(10325,5,38,44.37),(10325,6,28,55.30),(10325,7,38,99.55),(10325,8,44,56.24),(10325,37,47,111.52),(10326,9,50,73.73),(10326,10,32,94.79),(10326,11,41,120.43),(10326,12,41,86.74),(10326,13,20,81.34),(10326,14,39,60.67),(10327,15,25,154.54),(10327,16,45,74.34),(10327,17,25,74.84),(10327,18,20,79.68),(10327,19,21,65.05),(10327,20,43,85.14),(10327,28,37,83.42),(10327,29,37,48.05),(10328,1,27,84.03),(10328,2,41,75.13),(10328,3,37,95.73),(10328,4,33,117.46),(10328,5,33,71.20),(10328,6,39,69.59),(10328,30,34,104.81),(10328,31,47,87.54),(10328,32,48,67.82),(10328,33,20,56.55),(10328,34,35,55.96),(10328,35,43,69.55),(10328,36,24,57.10),(10328,37,34,42.33),(10329,7,42,80.39),(10329,8,20,109.42),(10329,9,41,182.90),(10329,10,26,164.61),(10329,11,24,128.03),(10329,12,46,117.44),(10329,13,33,74.21),(10329,14,39,102.49),(10329,15,29,66.22),(10329,16,38,55.72),(10329,17,38,65.13),(10329,18,30,104.81),(10329,19,37,71.60),(10329,20,45,80.91),(10329,28,44,41.22),(10330,29,37,136.70),(10330,30,29,59.06),(10330,31,50,133.92),(10330,32,42,56.10),(10331,1,27,169.34),(10331,2,26,132.80),(10331,3,27,37.00),(10331,4,25,55.11),(10331,5,21,139.03),(10331,6,41,70.33),(10331,7,28,33.39),(10331,8,32,100.01),(10331,10,20,74.04),(10331,33,46,120.31),(10331,34,44,99.55),(10331,35,44,154.70),(10331,36,30,135.14),(10331,37,26,130.68),(10332,9,46,89.38),(10332,11,27,51.21),(10332,12,38,53.88),(10332,13,35,116.96),(10332,14,24,138.38),(10332,15,26,53.09),(10332,16,40,100.53),(10332,17,50,92.03),(10332,18,21,70.56),(10332,19,23,61.73),(10332,20,20,47.29),(10332,28,45,29.87),(10332,29,26,43.01),(10332,30,39,84.51),(10332,31,44,108.04),(10332,32,45,77.91),(10332,33,31,94.23),(10332,34,41,34.47),(10333,1,31,95.23),(10333,2,46,95.24),(10333,3,24,42.26),(10333,4,39,95.44),(10333,5,33,62.05),(10333,35,26,188.58),(10333,36,33,121.64),(10333,37,29,110.84),(10334,6,26,130.01),(10334,7,46,108.00),(10334,8,34,52.87),(10334,9,49,101.71),(10334,10,20,147.33),(10334,11,42,117.57),(10335,12,33,32.88),(10335,13,44,77.05),(10335,14,40,49.78),(10336,15,33,176.63),(10336,16,33,126.91),(10336,17,49,141.88),(10336,18,38,95.99),(10336,19,49,153.91),(10336,20,48,135.22),(10336,28,21,100.84),(10336,29,45,49.71),(10336,30,31,113.55),(10336,31,31,59.03),(10336,32,23,109.96),(10336,33,46,94.07),(10337,1,21,54.48),(10337,2,36,73.62),(10337,3,31,84.14),(10337,4,36,83.42),(10337,5,42,49.14),(10337,34,25,131.92),(10337,35,36,140.75),(10337,36,29,76.36),(10337,37,29,119.20),(10338,6,41,137.19),(10338,7,28,80.86),(10338,8,45,93.17),(10339,9,39,178.17),(10339,10,40,117.75),(10339,11,27,79.41),(10339,12,30,48.46),(10339,13,27,96.92),(10339,14,21,106.14),(10339,15,55,67.82),(10339,16,55,73.46),(10339,17,29,57.86),(10339,18,42,72.96),(10339,19,45,57.32),(10339,20,22,53.34),(10339,28,55,86.90),(10339,29,50,62.16),(10339,30,50,66.63),(10339,31,27,49.66),(10340,1,55,81.77),(10340,2,29,98.48),(10340,32,55,62.46),(10340,33,40,63.76),(10340,34,55,95.89),(10340,35,39,67.41),(10340,36,40,37.09),(10340,37,30,73.99),(10341,3,41,84.22),(10341,4,45,192.62),(10341,5,55,120.50),(10341,6,44,111.57),(10341,7,36,77.41),(10341,8,55,109.40),(10341,9,31,95.93),(10341,10,32,63.03),(10341,11,38,78.11),(10341,12,34,70.40),(10342,13,40,118.89),(10342,14,55,63.14),(10342,15,22,115.22),(10342,16,30,167.65),(10342,17,25,76.39),(10342,18,55,136.70),(10342,19,26,57.82),(10342,20,38,124.99),(10342,28,39,30.59),(10342,29,48,60.01),(10342,30,42,112.34),(10343,31,36,109.51),(10343,32,25,118.80),(10343,33,44,127.15),(10343,34,27,44.78),(10343,35,30,76.80),(10343,36,29,37.41),(10344,1,40,49.04),(10344,2,30,118.23),(10344,3,21,80.99),(10344,4,26,68.42),(10344,5,29,61.00),(10344,6,20,27.88),(10344,37,45,168.30),(10345,7,43,38.98),(10346,8,42,88.36),(10346,9,24,117.44),(10346,10,25,87.24),(10346,11,24,80.47),(10346,12,26,103.87),(10346,13,22,38.57),(10347,14,30,188.58),(10347,15,27,132.97),(10347,16,29,132.57),(10347,17,42,113.17),(10347,18,21,46.36),(10347,19,50,51.05),(10347,20,21,136.69),(10347,28,48,84.09),(10347,29,34,60.59),(10347,30,45,95.30),(10347,31,26,84.33),(10347,32,45,115.03),(10348,1,42,90.53),(10348,2,31,62.70),(10348,3,32,100.14),(10348,33,48,207.80),(10348,34,47,122.37),(10348,35,29,43.77),(10348,36,37,107.34),(10348,37,39,82.78),(10349,4,26,166.10),(10349,5,48,114.95),(10349,6,38,142.45),(10349,7,38,117.82),(10349,8,48,164.26),(10349,9,48,50.29),(10349,10,34,140.75),(10349,11,36,31.47),(10349,12,23,111.18),(10349,13,33,44.37),(10350,14,26,110.16),(10350,15,43,84.30),(10350,16,44,135.22),(10350,17,41,94.79),(10350,18,30,70.22),(10350,19,34,98.31),(10350,20,30,86.74),(10350,28,25,77.15),(10350,29,27,61.52),(10350,30,31,104.18),(10350,31,44,56.82),(10350,32,46,56.00),(10350,33,28,76.22),(10350,34,29,68.67),(10350,35,31,87.15),(10350,36,25,97.32),(10350,37,20,48.05),(10351,1,39,143.50),(10351,2,20,104.81),(10351,3,25,64.40),(10351,4,38,53.92),(10351,5,34,68.24),(10352,6,23,75.13),(10352,7,49,87.75),(10352,8,22,62.19),(10352,10,49,46.18),(10353,9,27,71.81),(10353,11,28,107.23),(10353,12,35,69.55),(10353,13,46,86.90),(10353,14,40,68.10),(10353,15,40,35.78),(10353,16,39,73.07),(10353,17,48,98.48),(10353,18,43,74.40),(10354,1,28,62.46),(10354,19,42,84.22),(10354,20,20,95.15),(10354,28,42,178.17),(10354,29,31,157.60),(10354,30,35,141.58),(10354,31,29,98.65),(10354,32,23,76.61),(10354,33,28,100.19),(10354,34,21,76.23),(10354,35,28,49.06),(10354,36,36,69.15),(10354,37,21,96.92),(10355,2,23,117.59),(10355,3,31,60.30),(10355,4,25,124.99),(10355,5,41,56.10),(10355,6,36,37.38),(10355,7,44,60.62),(10355,8,32,137.62),(10355,9,38,32.99),(10355,10,28,75.18),(10355,11,40,93.89),(10356,12,43,120.31),(10356,13,50,82.19),(10356,14,22,44.75),(10356,15,27,130.87),(10356,16,29,106.79),(10356,17,30,158.63),(10356,18,48,31.86),(10356,19,26,42.11),(10356,20,26,78.11),(10357,28,32,199.30),(10357,29,43,135.92),(10357,30,49,109.34),(10357,31,39,112.00),(10357,32,41,58.95),(10357,33,41,91.18),(10357,34,49,59.34),(10357,35,44,104.72),(10357,36,25,84.33),(10357,37,28,105.34),(10358,1,49,129.93),(10358,2,42,98.36),(10358,3,20,142.45),(10358,4,20,99.41),(10358,5,32,137.17),(10358,6,25,117.77),(10358,7,30,46.29),(10358,8,44,56.07),(10358,9,36,33.59),(10358,10,41,127.79),(10358,11,41,88.62),(10358,12,41,82.83),(10358,13,36,51.71),(10358,14,27,85.98),(10359,15,48,122.40),(10359,16,42,180.79),(10359,17,49,162.64),(10359,18,22,108.82),(10359,19,36,45.45),(10359,20,22,62.14),(10359,28,46,99.55),(10359,29,25,47.45),(10360,1,31,100.77),(10360,2,49,55.49),(10360,3,36,70.81),(10360,4,22,78.83),(10360,5,32,64.67),(10360,6,26,86.61),(10360,7,30,70.11),(10360,8,35,83.14),(10360,9,31,54.05),(10360,10,31,92.36),(10360,30,50,126.15),(10360,31,41,68.43),(10360,32,46,71.40),(10360,33,29,122.93),(10360,34,29,94.79),(10360,35,40,101.64),(10360,36,40,76.36),(10360,37,22,106.14),(10361,11,20,92.83),(10361,12,26,114.18),(10361,13,34,62.46),(10361,14,26,61.42),(10361,15,25,68.83),(10361,16,49,56.41),(10361,17,33,35.78),(10361,18,20,88.60),(10361,19,24,85.99),(10361,20,26,91.74),(10361,28,44,107.97),(10361,29,44,76.80),(10361,30,35,62.19),(10361,31,23,47.67),(10362,32,22,182.04),(10362,33,22,131.04),(10362,34,23,53.91),(10362,35,50,91.29),(10363,1,34,68.63),(10363,2,46,103.64),(10363,3,22,61.60),(10363,4,46,69.15),(10363,5,24,124.94),(10363,6,32,52.22),(10363,7,28,123.50),(10363,8,21,70.08),(10363,9,21,52.05),(10363,10,43,56.10),(10363,11,31,113.75),(10363,12,43,75.99),(10363,13,50,92.90),(10363,36,33,180.95),(10363,37,34,106.87),(10364,14,48,38.22),(10365,15,30,116.06),(10365,16,22,82.66),(10365,17,44,68.34),(10366,18,34,116.65),(10366,19,49,105.60),(10366,20,34,154.10),(10367,1,23,29.54),(10367,2,28,43.01),(10367,3,36,36.25),(10367,28,49,105.77),(10367,29,37,144.50),(10367,30,45,50.25),(10367,31,27,124.59),(10367,32,32,140.06),(10367,33,46,131.39),(10367,34,43,77.31),(10367,35,44,66.99),(10367,36,21,72.76),(10367,37,38,50.31),(10368,4,40,73.60),(10368,5,31,115.09),(10368,6,46,83.04),(10368,7,20,93.16),(10368,8,46,36.52),(10369,9,44,89.38),(10369,10,41,195.01),(10369,11,32,46.36),(10369,12,42,100.30),(10369,13,28,51.84),(10369,14,21,90.06),(10369,15,45,80.36),(10369,16,40,93.49),(10370,17,35,128.53),(10370,18,49,128.47),(10370,19,27,100.34),(10370,20,22,101.87),(10370,28,22,60.16),(10370,29,27,167.65),(10370,30,29,105.34),(10370,31,20,41.76),(10370,32,25,63.99),(10371,1,45,35.01),(10371,2,28,95.81),(10371,3,26,82.83),(10371,4,20,44.37),(10371,5,30,53.44),(10371,6,48,97.23),(10371,7,34,83.95),(10371,33,32,178.71),(10371,34,49,104.28),(10371,35,25,160.46),(10371,36,25,53.75),(10371,37,20,126.51),(10372,8,40,146.55),(10372,9,28,131.13),(10372,10,34,140.15),(10372,11,25,91.76),(10372,12,48,119.20),(10372,13,41,78.99),(10372,14,37,102.00),(10372,15,24,56.82),(10372,16,44,74.48),(10373,1,45,68.11),(10373,2,25,44.20),(10373,3,29,48.05),(10373,17,39,118.32),(10373,18,28,143.50),(10373,19,22,75.70),(10373,20,50,99.52),(10373,28,38,58.92),(10373,29,33,82.31),(10373,30,46,53.92),(10373,31,23,83.86),(10373,32,39,62.10),(10373,33,44,58.00),(10373,34,32,76.94),(10373,35,41,69.39),(10373,36,34,94.16),(10373,37,37,83.42),(10374,4,39,115.37),(10374,5,22,158.80),(10374,6,42,75.19),(10374,7,22,48.46),(10374,8,38,112.70),(10374,10,46,107.23),(10375,9,21,76.56),(10375,11,45,184.84),(10375,12,49,150.62),(10375,13,23,67.03),(10375,14,20,60.26),(10375,15,43,60.13),(10375,16,37,87.90),(10375,17,44,59.85),(10375,18,41,96.95),(10375,19,49,36.22),(10375,20,49,69.16),(10375,28,37,86.77),(10375,29,33,94.73),(10375,30,25,98.48),(10375,31,44,69.60),(10376,32,35,98.65),(10377,1,39,143.94),(10377,33,24,65.44),(10377,34,50,112.86),(10377,35,35,124.56),(10377,36,31,61.60),(10377,37,36,125.18),(10378,2,34,121.95),(10378,3,22,66.74),(10378,4,43,146.99),(10378,5,28,60.30),(10378,6,49,122.02),(10378,7,41,30.59),(10378,8,46,52.66),(10378,9,41,80.84),(10378,10,33,129.20),(10378,11,40,35.80),(10379,12,39,156.40),(10379,13,27,50.85),(10379,14,29,113.52),(10379,15,32,134.22),(10379,16,32,48.80),(10380,17,27,88.36),(10380,18,40,119.50),(10380,19,21,156.94),(10380,20,32,78.23),(10380,28,24,66.99),(10380,29,34,66.88),(10380,30,32,29.87),(10380,31,27,37.63),(10380,32,36,77.24),(10380,33,44,111.57),(10380,34,44,77.05),(10380,35,34,91.02),(10380,36,43,32.82),(10381,1,37,138.88),(10381,2,20,132.57),(10381,3,48,114.34),(10381,4,25,49.60),(10381,5,35,60.77),(10381,6,41,100.30),(10381,7,40,51.22),(10381,8,35,93.20),(10381,37,36,182.16),(10382,9,37,145.04),(10382,10,34,166.24),(10382,11,34,143.61),(10382,12,32,103.10),(10382,13,25,160.46),(10382,14,50,84.33),(10382,15,39,115.03),(10382,16,39,46.29),(10382,17,20,120.12),(10382,18,33,97.39),(10382,19,26,85.72),(10382,20,48,57.53),(10382,28,34,101.15),(10383,1,32,53.57),(10383,2,44,55.93),(10383,3,29,94.92),(10383,4,38,48.62),(10383,29,27,119.05),(10383,30,24,125.66),(10383,31,47,155.79),(10383,32,26,83.70),(10383,33,38,137.88),(10383,34,28,77.24),(10383,35,22,52.60),(10383,36,40,33.24),(10383,37,21,117.10),(10384,5,34,129.20),(10384,6,28,114.29),(10384,7,43,71.69),(10384,8,49,71.02),(10385,9,25,62.00),(10385,10,37,78.83),(10386,11,25,130.88),(10386,12,21,72.65),(10386,13,37,73.12),(10386,14,22,100.58),(10386,15,33,101.76),(10386,16,39,56.86),(10386,17,35,54.57),(10386,18,41,55.96),(10386,19,50,71.73),(10386,20,29,85.09),(10386,28,37,90.75),(10386,29,37,67.22),(10386,30,32,68.00),(10386,31,45,83.14),(10386,32,30,80.44),(10386,33,44,59.22),(10386,34,50,47.67),(10386,35,43,52.42),(10387,36,44,79.91),(10388,1,50,118.94),(10388,2,21,156.86),(10388,3,44,125.01),(10388,4,35,58.47),(10388,5,27,41.02),(10388,6,46,74.90),(10388,7,50,111.53),(10388,37,42,80.39),(10389,8,26,182.90),(10389,9,36,76.61),(10389,10,25,95.13),(10389,11,47,102.49),(10389,12,49,63.91),(10389,13,39,52.09),(10389,14,45,112.70),(10389,15,49,61.70),(10390,1,22,81.36),(10390,16,36,117.48),(10390,17,34,132.29),(10390,18,31,102.98),(10390,19,26,162.00),(10390,20,40,75.59),(10390,28,50,135.23),(10390,29,36,54.09),(10390,30,49,122.02),(10390,31,35,67.87),(10390,32,37,35.87),(10390,33,46,51.43),(10390,34,45,134.81),(10390,35,30,66.29),(10390,36,41,39.02),(10390,37,45,101.03),(10391,2,24,195.01),(10391,3,37,121.15),(10391,4,39,110.70),(10391,5,29,114.34),(10391,6,35,102.74),(10391,7,42,47.44),(10391,8,44,57.73),(10391,9,33,26.55),(10391,10,32,99.28),(10391,11,24,36.29),(10392,12,37,61.21),(10392,13,29,103.67),(10392,14,36,98.22),(10393,15,35,145.04),(10393,16,32,99.54),(10393,17,20,137.53),(10393,18,38,104.32),(10393,19,30,106.55),(10393,20,44,41.76),(10393,28,33,112.46),(10393,29,33,88.62),(10393,30,38,84.75),(10393,31,31,63.35),(10393,32,21,83.95),(10394,1,36,47.08),(10394,2,30,55.93),(10394,33,22,135.47),(10394,34,37,124.95),(10394,35,31,53.18),(10394,36,46,35.36),(10394,37,37,104.09),(10395,3,32,125.12),(10395,4,33,205.72),(10395,5,46,98.39),(10395,6,45,57.99),(10396,7,33,155.72),(10396,8,33,129.76),(10396,9,45,83.38),(10396,10,24,91.76),(10396,11,49,100.77),(10396,12,27,77.00),(10396,13,37,77.99),(10396,14,39,62.00),(10397,15,32,69.29),(10397,16,22,62.88),(10397,17,48,86.15),(10397,18,36,80.44),(10397,19,34,52.96),(10398,1,47,78.55),(10398,2,36,75.13),(10398,3,22,98.72),(10398,4,23,102.04),(10398,5,29,76.80),(10398,6,36,62.19),(10398,7,34,41.22),(10398,20,33,130.88),(10398,28,34,82.79),(10398,29,28,70.54),(10398,30,45,92.11),(10398,31,43,100.67),(10398,32,28,60.29),(10398,33,34,61.15),(10398,34,41,56.64),(10398,35,45,65.93),(10398,36,22,60.54),(10398,37,49,38.84),(10399,8,40,77.52),(10399,9,22,156.86),(10399,10,51,99.91),(10399,11,29,123.51),(10399,12,30,51.48),(10399,13,57,104.81),(10399,14,58,75.41),(10399,15,32,97.89),(10400,16,64,134.64),(10400,17,34,129.31),(10400,18,30,74.84),(10400,19,58,88.93),(10400,20,24,55.49),(10400,28,38,59.18),(10400,29,42,74.64),(10400,30,46,82.37),(10400,31,20,41.71),(10401,1,56,41.46),(10401,2,11,77.64),(10401,3,85,98.72),(10401,4,21,96.11),(10401,5,77,73.60),(10401,6,40,66.63),(10401,32,42,75.19),(10401,33,38,87.54),(10401,34,64,59.37),(10401,35,52,65.93),(10401,36,49,81.91),(10401,37,62,62.60),(10402,7,45,118.94),(10402,8,55,58.15),(10402,10,59,61.70),(10403,9,24,85.17),(10403,11,66,174.29),(10403,12,66,122.00),(10403,13,36,55.33),(10403,14,46,109.32),(10403,15,27,57.49),(10403,16,30,35.80),(10403,17,45,88.78),(10403,18,31,65.09),(10404,19,64,163.44),(10404,20,43,102.17),(10404,28,77,67.03),(10404,29,90,67.54),(10404,30,28,127.88),(10404,31,48,124.99),(10404,32,49,53.27),(10404,33,48,65.48),(10405,1,76,127.79),(10405,34,97,115.16),(10405,35,61,72.38),(10405,36,55,147.33),(10405,37,47,37.38),(10406,2,61,124.56),(10406,3,48,133.72),(10406,4,65,117.26),(10407,5,59,114.48),(10407,6,76,141.10),(10407,7,42,58.12),(10407,8,41,132.00),(10407,9,66,64.14),(10407,10,6,91.11),(10407,11,26,68.35),(10407,12,64,45.78),(10407,13,76,81.78),(10407,14,59,98.65),(10407,15,13,77.05),(10407,16,43,101.73),(10408,17,15,41.03),(10409,18,6,104.25),(10409,19,61,27.88),(10410,20,65,99.66),(10410,28,44,51.21),(10410,29,56,145.13),(10410,30,47,93.21),(10410,31,53,49.97),(10410,32,34,84.82),(10410,33,44,81.35),(10410,34,31,42.56),(10410,35,50,95.44),(10411,1,40,110.70),(10411,2,27,109.67),(10411,3,46,106.55),(10411,4,35,41.25),(10411,5,26,78.01),(10411,6,27,60.76),(10411,7,34,89.01),(10411,36,23,205.73),(10411,37,27,144.79),(10412,8,54,100.73),(10412,9,56,120.28),(10412,10,41,150.63),(10412,11,47,49.83),(10412,12,60,157.49),(10412,13,21,47.40),(10412,14,70,109.90),(10412,15,30,32.88),(10412,16,31,108.82),(10412,17,19,50.86),(10412,18,26,105.33),(10413,19,36,201.57),(10413,20,47,145.04),(10413,28,22,173.02),(10413,29,49,133.57),(10413,30,24,56.55),(10413,31,51,53.31),(10414,1,60,72.58),(10414,2,51,72.96),(10414,3,37,62.00),(10414,4,34,74.48),(10414,5,31,61.44),(10414,6,28,84.14),(10414,7,40,84.41),(10414,8,47,54.60),(10414,32,49,114.24),(10414,33,44,77.42),(10414,34,41,128.39),(10414,35,48,85.71),(10414,36,56,83.38),(10414,37,43,108.14),(10415,9,21,60.97),(10415,10,51,86.81),(10415,11,18,59.83),(10415,12,32,73.32),(10415,13,42,43.20),(10416,14,24,129.31),(10416,15,15,70.96),(10416,16,47,90.82),(10416,17,32,62.46),(10416,18,18,64.83),(10416,19,48,70.28),(10416,20,45,86.90),(10416,28,26,68.10),(10416,29,37,39.71),(10416,30,23,88.60),(10416,31,22,84.76),(10416,32,41,98.48),(10416,33,39,65.60),(10416,34,43,63.67),(10417,1,21,144.60),(10417,2,36,58.75),(10417,3,35,109.32),(10417,35,66,79.43),(10417,36,45,116.56),(10417,37,56,162.67),(10418,4,16,70.76),(10418,5,27,139.64),(10418,6,33,56.57),(10418,7,28,120.53),(10418,8,52,64.41),(10418,9,43,36.61),(10418,10,10,66.29),(10418,11,50,100.01),(10418,12,40,72.41),(10419,13,12,182.90),(10419,14,10,111.57),(10419,15,34,64.64),(10419,16,32,99.04),(10419,17,38,117.48),(10419,18,37,100.80),(10419,19,39,67.76),(10419,20,34,133.72),(10419,28,55,116.16),(10419,29,35,165.95),(10419,30,43,114.44),(10419,31,15,32.10),(10419,32,55,52.66),(10419,33,70,112.34),(10420,1,36,68.42),(10420,2,60,60.26),(10420,3,37,48.80),(10420,4,45,32.19),(10420,5,39,76.33),(10420,6,55,115.09),(10420,7,35,77.05),(10420,8,26,104.94),(10420,10,15,35.29),(10420,34,37,153.00),(10420,35,36,52.06),(10420,36,45,116.96),(10420,37,66,73.62),(10421,9,35,167.06),(10421,11,40,44.80),(10422,12,51,91.44),(10422,13,25,47.44),(10423,14,10,89.15),(10423,15,31,56.21),(10423,16,21,98.44),(10423,17,21,80.36),(10423,18,28,78.89),(10424,19,50,201.44),(10424,20,49,121.64),(10424,28,54,108.50),(10424,29,26,40.25),(10424,30,44,54.94),(10424,31,46,85.98),(10425,1,38,107.76),(10425,2,55,53.75),(10425,3,49,127.79),(10425,4,31,31.82),(10425,5,41,83.79),(10425,6,11,50.32),(10425,7,18,94.92),(10425,32,38,131.49),(10425,33,33,95.99),(10425,34,28,147.36),(10425,35,38,117.82),(10425,36,19,48.62),(10425,37,28,140.55),(10447,28,2,20.20),(10447,29,2,20.20),(10447,31,2,20.20),(10448,28,1,20.20),(10448,29,1,20.20),(10448,31,1,20.20),(10449,28,1,20.20),(10449,29,1,20.20),(10449,31,1,20.20),(10453,31,1,20.20),(10454,31,1,20.20),(10455,31,1,20.20),(10456,31,1,20.20),(10457,31,1,20.20),(10458,31,1,20.20),(10463,31,0,20.20),(10464,31,0,20.20),(10465,28,0,20.20);
/*!40000 ALTER TABLE `orderitem` ENABLE KEYS */;
UNLOCK TABLES;

--
-- Table structure for table `orders`
--

DROP TABLE IF EXISTS `orders`;
/*!40101 SET @saved_cs_client     = @@character_set_client */;
/*!40101 SET character_set_client = utf8 */;
CREATE TABLE `orders` (
  `orderpk` int(11) NOT NULL AUTO_INCREMENT,
  `customerfk` int(6) NOT NULL,
  `orderdate` datetime NOT NULL DEFAULT current_timestamp(),
  `shippdate` datetime DEFAULT NULL,
  `state` varchar(15) NOT NULL,
  `note` varchar(200) DEFAULT NULL,
  PRIMARY KEY (`orderpk`)
) ENGINE=InnoDB AUTO_INCREMENT=10466 DEFAULT CHARSET=latin1;
/*!40101 SET character_set_client = @saved_cs_client */;

--
-- Dumping data for table `orders`
--

LOCK TABLES `orders` WRITE;
/*!40000 ALTER TABLE `orders` DISABLE KEYS */;
INSERT INTO `orders` VALUES (10100,363,'2003-01-06 00:00:00','2003-01-10 00:00:00','Shipped','hallo'),(10101,128,'2003-01-09 00:00:00','2003-01-11 00:00:00','Shipped','Check on availability.'),(10102,181,'2003-01-10 00:00:00','2003-01-14 00:00:00','Shipped',NULL),(10103,121,'2003-01-29 00:00:00','2003-02-02 00:00:00','Shipped',NULL),(10104,141,'2003-01-31 00:00:00','2003-02-01 00:00:00','Shipped',NULL),(10105,145,'2003-02-11 00:00:00','2003-02-12 00:00:00','Shipped',NULL),(10106,278,'2003-02-17 00:00:00','2003-02-21 00:00:00','Shipped',NULL),(10107,131,'2003-02-24 00:00:00','2003-02-26 00:00:00','Shipped','Difficult to negotiate with customer. We need more marketing materials'),(10108,385,'2003-03-03 00:00:00','2003-03-08 00:00:00','Shipped',NULL),(10109,486,'2003-03-10 00:00:00','2003-03-11 00:00:00','Shipped','Customer requested that FedEx Ground is used for this shipping'),(10110,187,'2003-03-18 00:00:00','2003-03-20 00:00:00','Shipped',NULL),(10111,129,'2003-03-25 00:00:00','2003-03-30 00:00:00','Shipped',NULL),(10112,144,'2003-03-24 00:00:00','2003-03-29 00:00:00','Shipped','Customer requested that ad materials (such as posters, pamphlets) be included in the shippment'),(10113,124,'2003-03-26 00:00:00','2003-03-27 00:00:00','Shipped',NULL),(10114,172,'2003-04-01 00:00:00','2003-04-02 00:00:00','Shipped',NULL),(10115,424,'2003-04-04 00:00:00','2003-04-07 00:00:00','Shipped',NULL),(10116,381,'2003-04-11 00:00:00','2003-04-13 00:00:00','Shipped',NULL),(10117,148,'2003-04-16 00:00:00','2003-04-17 00:00:00','Shipped',NULL),(10118,216,'2003-04-21 00:00:00','2003-04-26 00:00:00','Shipped','Customer has worked with some of our vendors in the past and is aware of their MSRP'),(10119,382,'2003-04-28 00:00:00','2003-05-02 00:00:00','Shipped',NULL),(10120,114,'2003-04-29 00:00:00','2003-05-01 00:00:00','Shipped',NULL),(10121,353,'2003-05-07 00:00:00','2003-05-13 00:00:00','Shipped',NULL),(10122,350,'2003-05-08 00:00:00','2003-05-13 00:00:00','Shipped',NULL),(10123,103,'2003-05-20 00:00:00','2003-05-22 00:00:00','Shipped',NULL),(10124,112,'2003-05-21 00:00:00','2003-05-25 00:00:00','Shipped','Customer very concerned about the exact color of the models. There is high risk that he may dispute the order because there is a slight color mismatch'),(10125,114,'2003-05-21 00:00:00','2003-05-24 00:00:00','Shipped',NULL),(10126,458,'2003-05-28 00:00:00','2003-06-02 00:00:00','Shipped',NULL),(10127,151,'2003-06-03 00:00:00','2003-06-06 00:00:00','Shipped','Customer requested special shippment. The instructions were passed along to the warehouse'),(10128,141,'2003-06-06 00:00:00','2003-06-11 00:00:00','Shipped',NULL),(10129,324,'2003-06-12 00:00:00','2003-06-14 00:00:00','Shipped',NULL),(10130,198,'2003-06-16 00:00:00','2003-06-21 00:00:00','Shipped',NULL),(10131,447,'2003-06-16 00:00:00','2003-06-21 00:00:00','Shipped',NULL),(10132,323,'2003-06-25 00:00:00','2003-06-28 00:00:00','Shipped',NULL),(10133,141,'2003-06-27 00:00:00','2003-07-03 00:00:00','Shipped',NULL),(10134,250,'2003-07-01 00:00:00','2003-07-05 00:00:00','Shipped',NULL),(10135,124,'2003-07-02 00:00:00','2003-07-03 00:00:00','Shipped',NULL),(10136,242,'2003-07-04 00:00:00','2003-07-06 00:00:00','Shipped','Customer is interested in buying more Ferrari models'),(10137,353,'2003-07-10 00:00:00','2003-07-14 00:00:00','Shipped',NULL),(10138,496,'2003-07-07 00:00:00','2003-07-13 00:00:00','Shipped',NULL),(10139,282,'2003-07-16 00:00:00','2003-07-21 00:00:00','Shipped',NULL),(10140,161,'2003-07-24 00:00:00','2003-07-30 00:00:00','Shipped',NULL),(10141,334,'2003-08-01 00:00:00','2003-08-04 00:00:00','Shipped',NULL),(10142,124,'2003-08-08 00:00:00','2003-08-13 00:00:00','Shipped',NULL),(10143,320,'2003-08-10 00:00:00','2003-08-12 00:00:00','Shipped','Can we deliver the new Ford Mustang models by end-of-quarter?'),(10144,381,'2003-08-13 00:00:00','2003-08-14 00:00:00','Shipped',NULL),(10145,205,'2003-08-25 00:00:00','2003-08-31 00:00:00','Shipped',NULL),(10146,447,'2003-09-03 00:00:00','2003-09-06 00:00:00','Shipped',NULL),(10147,379,'2003-09-05 00:00:00','2003-09-09 00:00:00','Shipped',NULL),(10148,276,'2003-09-11 00:00:00','2003-09-15 00:00:00','Shipped','They want to reevaluate their terms agreement with Finance.'),(10149,487,'2003-09-12 00:00:00','2003-09-17 00:00:00','Shipped',NULL),(10150,148,'2003-09-19 00:00:00','2003-09-21 00:00:00','Shipped','They want to reevaluate their terms agreement with Finance.'),(10151,311,'2003-09-21 00:00:00','2003-09-24 00:00:00','Shipped',NULL),(10152,333,'2003-09-25 00:00:00','2003-10-01 00:00:00','Shipped',NULL),(10153,141,'2003-09-28 00:00:00','2003-10-03 00:00:00','Shipped',NULL),(10154,219,'2003-10-02 00:00:00','2003-10-08 00:00:00','Shipped',NULL),(10155,186,'2003-10-06 00:00:00','2003-10-07 00:00:00','Shipped',NULL),(10156,141,'2003-10-08 00:00:00','2003-10-11 00:00:00','Shipped',NULL),(10157,473,'2003-10-09 00:00:00','2003-10-14 00:00:00','Shipped',NULL),(10158,121,'2003-10-10 00:00:00','2003-10-15 00:00:00','Shipped',NULL),(10159,321,'2003-10-10 00:00:00','2003-10-16 00:00:00','Shipped',NULL),(10160,347,'2003-10-11 00:00:00','2003-10-17 00:00:00','Shipped',NULL),(10161,227,'2003-10-17 00:00:00','2003-10-20 00:00:00','Shipped',NULL),(10162,321,'2003-10-18 00:00:00','2003-10-19 00:00:00','Shipped',NULL),(10163,424,'2003-10-20 00:00:00','2003-10-24 00:00:00','Shipped',NULL),(10164,452,'2003-10-21 00:00:00','2003-10-23 00:00:00','Resolved','This order was disputed, but resolved on 11/1/2003; Customer doesn\'t like the colors and precision of the models.'),(10165,148,'2003-10-22 00:00:00','2003-12-26 00:00:00','Shipped','This order was on hold because customers\'s credit limit had been exceeded. Order will ship when payment is received'),(10166,462,'2003-10-21 00:00:00','2003-10-27 00:00:00','Shipped',NULL),(10167,448,'2003-10-23 00:00:00',NULL,'Cancelled','Customer called to cancel. The warehouse was notified in time and the order didn\'t ship. They have a new VP of Sales and are shifting their sales model. Our VP of Sales should contact them.'),(10168,161,'2003-10-28 00:00:00','2003-11-01 00:00:00','Shipped',NULL),(10169,276,'2003-11-04 00:00:00','2003-11-09 00:00:00','Shipped',NULL),(10170,452,'2003-11-04 00:00:00','2003-11-07 00:00:00','Shipped',NULL),(10171,233,'2003-11-05 00:00:00','2003-11-07 00:00:00','Shipped',NULL),(10172,175,'2003-11-05 00:00:00','2003-11-11 00:00:00','Shipped',NULL),(10173,278,'2003-11-05 00:00:00','2003-11-09 00:00:00','Shipped','Cautious optimism. We have happy customers here, if we can keep them well stocked.  I need all the information I can get on the planned shippments of Porches'),(10174,333,'2003-11-06 00:00:00','2003-11-10 00:00:00','Shipped',NULL),(10175,324,'2003-11-06 00:00:00','2003-11-09 00:00:00','Shipped',NULL),(10176,386,'2003-11-06 00:00:00','2003-11-12 00:00:00','Shipped',NULL),(10177,344,'2003-11-07 00:00:00','2003-11-12 00:00:00','Shipped',NULL),(10178,242,'2003-11-08 00:00:00','2003-11-10 00:00:00','Shipped','Custom shipping instructions sent to warehouse'),(10179,496,'2003-11-11 00:00:00','2003-11-13 00:00:00','Cancelled','Customer cancelled due to urgent budgeting issues. Must be cautious when dealing with them in the future. Since order shipped already we must discuss who would cover the shipping charges.'),(10180,171,'2003-11-11 00:00:00','2003-11-14 00:00:00','Shipped',NULL),(10181,167,'2003-11-12 00:00:00','2003-11-15 00:00:00','Shipped',NULL),(10182,124,'2003-11-12 00:00:00','2003-11-18 00:00:00','Shipped',NULL),(10183,339,'2003-11-13 00:00:00','2003-11-15 00:00:00','Shipped','We need to keep in close contact with their Marketing VP. He is the decision maker for all their purchases.'),(10184,484,'2003-11-14 00:00:00','2003-11-20 00:00:00','Shipped',NULL),(10185,320,'2003-11-14 00:00:00','2003-11-20 00:00:00','Shipped',NULL),(10186,489,'2003-11-14 00:00:00','2003-11-18 00:00:00','Shipped','They want to reevaluate their terms agreement with the VP of Sales'),(10187,211,'2003-11-15 00:00:00','2003-11-16 00:00:00','Shipped',NULL),(10188,167,'2003-11-18 00:00:00','2003-11-24 00:00:00','Shipped',NULL),(10189,205,'2003-11-18 00:00:00','2003-11-24 00:00:00','Shipped','They want to reevaluate their terms agreement with Finance.'),(10190,141,'2003-11-19 00:00:00','2003-11-20 00:00:00','Shipped',NULL),(10191,259,'2003-11-20 00:00:00','2003-11-24 00:00:00','Shipped','We must be cautions with this customer. Their VP of Sales resigned. Company may be heading down.'),(10192,363,'2003-11-20 00:00:00','2003-11-25 00:00:00','Shipped',NULL),(10193,471,'2003-11-21 00:00:00','2003-11-27 00:00:00','Shipped',NULL),(10194,146,'2003-11-25 00:00:00','2003-11-26 00:00:00','Shipped',NULL),(10195,319,'2003-11-25 00:00:00','2003-11-28 00:00:00','Shipped',NULL),(10196,455,'2003-11-26 00:00:00','2003-12-01 00:00:00','Shipped',NULL),(10197,216,'2003-11-26 00:00:00','2003-12-01 00:00:00','Shipped','Customer inquired about remote controlled models and gold models.'),(10198,385,'2003-11-27 00:00:00','2003-12-03 00:00:00','Shipped',NULL),(10199,475,'2003-12-01 00:00:00','2003-12-06 00:00:00','Shipped',NULL),(10200,211,'2003-12-01 00:00:00','2003-12-06 00:00:00','Shipped',NULL),(10201,129,'2003-12-01 00:00:00','2003-12-02 00:00:00','Shipped',NULL),(10202,357,'2003-12-02 00:00:00','2003-12-06 00:00:00','Shipped',NULL),(10203,141,'2003-12-02 00:00:00','2003-12-07 00:00:00','Shipped',NULL),(10204,151,'2003-12-02 00:00:00','2003-12-04 00:00:00','Shipped',NULL),(10205,141,'2003-12-03 00:00:00','2003-12-07 00:00:00','Shipped',' I need all the information I can get on our competitors.'),(10206,202,'2003-12-05 00:00:00','2003-12-08 00:00:00','Shipped','Can we renegotiate this one?'),(10207,495,'2003-12-09 00:00:00','2003-12-11 00:00:00','Shipped','Check on availability.'),(10208,146,'2004-01-02 00:00:00','2004-01-04 00:00:00','Shipped',NULL),(10209,347,'2004-01-09 00:00:00','2004-01-12 00:00:00','Shipped',NULL),(10210,177,'2004-01-12 00:00:00','2004-01-20 00:00:00','Shipped',NULL),(10211,406,'2004-01-15 00:00:00','2004-01-18 00:00:00','Shipped',NULL),(10212,141,'2004-01-16 00:00:00','2004-01-18 00:00:00','Shipped',NULL),(10213,489,'2004-01-22 00:00:00','2004-01-27 00:00:00','Shipped','Difficult to negotiate with customer. We need more marketing materials'),(10214,458,'2004-01-26 00:00:00','2004-01-29 00:00:00','Shipped',NULL),(10215,475,'2004-01-29 00:00:00','2004-02-01 00:00:00','Shipped','Customer requested that FedEx Ground is used for this shipping'),(10216,256,'2004-02-02 00:00:00','2004-02-04 00:00:00','Shipped',NULL),(10217,166,'2004-02-04 00:00:00','2004-02-06 00:00:00','Shipped',NULL),(10218,473,'2004-02-09 00:00:00','2004-02-11 00:00:00','Shipped','Customer requested that ad materials (such as posters, pamphlets) be included in the shippment'),(10219,487,'2004-02-10 00:00:00','2004-02-12 00:00:00','Shipped',NULL),(10220,189,'2004-02-12 00:00:00','2004-02-16 00:00:00','Shipped',NULL),(10221,314,'2004-02-18 00:00:00','2004-02-19 00:00:00','Shipped',NULL),(10222,239,'2004-02-19 00:00:00','2004-02-20 00:00:00','Shipped',NULL),(10223,114,'2004-02-20 00:00:00','2004-02-24 00:00:00','Shipped',NULL),(10224,171,'2004-02-21 00:00:00','2004-02-26 00:00:00','Shipped','Customer has worked with some of our vendors in the past and is aware of their MSRP'),(10225,298,'2004-02-22 00:00:00','2004-02-24 00:00:00','Shipped',NULL),(10226,239,'2004-02-26 00:00:00','2004-03-02 00:00:00','Shipped',NULL),(10227,146,'2004-03-02 00:00:00','2004-03-08 00:00:00','Shipped',NULL),(10228,173,'2004-03-10 00:00:00','2004-03-13 00:00:00','Shipped',NULL),(10229,124,'2004-03-11 00:00:00','2004-03-12 00:00:00','Shipped',NULL),(10230,128,'2004-03-15 00:00:00','2004-03-20 00:00:00','Shipped','Customer very concerned about the exact color of the models. There is high risk that he may dispute the order because there is a slight color mismatch'),(10231,344,'2004-03-19 00:00:00','2004-03-25 00:00:00','Shipped',NULL),(10232,240,'2004-03-20 00:00:00','2004-03-25 00:00:00','Shipped',NULL),(10233,328,'2004-03-29 00:00:00','2004-04-02 00:00:00','Shipped','Customer requested special shippment. The instructions were passed along to the warehouse'),(10234,412,'2004-03-30 00:00:00','2004-04-02 00:00:00','Shipped',NULL),(10235,260,'2004-04-02 00:00:00','2004-04-06 00:00:00','Shipped',NULL),(10236,486,'2004-04-03 00:00:00','2004-04-08 00:00:00','Shipped',NULL),(10237,181,'2004-04-05 00:00:00','2004-04-10 00:00:00','Shipped',NULL),(10238,145,'2004-04-09 00:00:00','2004-04-10 00:00:00','Shipped',NULL),(10239,311,'2004-04-12 00:00:00','2004-04-17 00:00:00','Shipped',NULL),(10240,177,'2004-04-13 00:00:00','2004-04-20 00:00:00','Shipped',NULL),(10241,209,'2004-04-13 00:00:00','2004-04-19 00:00:00','Shipped',NULL),(10242,456,'2004-04-20 00:00:00','2004-04-25 00:00:00','Shipped','Customer is interested in buying more Ferrari models'),(10243,495,'2004-04-26 00:00:00','2004-04-28 00:00:00','Shipped',NULL),(10244,141,'2004-04-29 00:00:00','2004-05-04 00:00:00','Shipped',NULL),(10245,455,'2004-05-04 00:00:00','2004-05-09 00:00:00','Shipped',NULL),(10246,141,'2004-05-05 00:00:00','2004-05-06 00:00:00','Shipped',NULL),(10247,334,'2004-05-05 00:00:00','2004-05-08 00:00:00','Shipped',NULL),(10248,131,'2004-05-07 00:00:00',NULL,'Cancelled','Order was mistakenly placed. The warehouse noticed the lack of documentation.'),(10249,173,'2004-05-08 00:00:00','2004-05-11 00:00:00','Shipped','Can we deliver the new Ford Mustang models by end-of-quarter?'),(10250,450,'2004-05-11 00:00:00','2004-05-15 00:00:00','Shipped',NULL),(10251,328,'2004-05-18 00:00:00','2004-05-24 00:00:00','Shipped',NULL),(10252,406,'2004-05-26 00:00:00','2004-05-29 00:00:00','Shipped',NULL),(10253,201,'2004-06-01 00:00:00','2004-06-02 00:00:00','Cancelled','Customer disputed the order and we agreed to cancel it. We must be more cautions with this customer going forward, since they are very hard to please. We must cover the shipping fees.'),(10254,323,'2004-06-03 00:00:00','2004-06-04 00:00:00','Shipped','Customer requested that DHL is used for this shipping'),(10255,209,'2004-06-04 00:00:00','2004-06-09 00:00:00','Shipped',NULL),(10256,145,'2004-06-08 00:00:00','2004-06-10 00:00:00','Shipped',NULL),(10257,450,'2004-06-14 00:00:00','2004-06-15 00:00:00','Shipped',NULL),(10258,398,'2004-06-15 00:00:00','2004-06-23 00:00:00','Shipped',NULL),(10259,166,'2004-06-15 00:00:00','2004-06-17 00:00:00','Shipped',NULL),(10260,357,'2004-06-16 00:00:00',NULL,'Cancelled','Customer heard complaints from their customers and called to cancel this order. Will notify the Sales Manager.'),(10261,233,'2004-06-17 00:00:00','2004-06-22 00:00:00','Shipped',NULL),(10262,141,'2004-06-24 00:00:00',NULL,'Cancelled','This customer found a better offer from one of our competitors. Will call back to renegotiate.'),(10263,175,'2004-06-28 00:00:00','2004-07-02 00:00:00','Shipped',NULL),(10264,362,'2004-06-30 00:00:00','2004-07-01 00:00:00','Shipped','Customer will send a truck to our local warehouse on 7/1/2004'),(10265,471,'2004-07-02 00:00:00','2004-07-07 00:00:00','Shipped',NULL),(10266,386,'2004-07-06 00:00:00','2004-07-10 00:00:00','Shipped',NULL),(10267,151,'2004-07-07 00:00:00','2004-07-09 00:00:00','Shipped',NULL),(10268,412,'2004-07-12 00:00:00','2004-07-14 00:00:00','Shipped',NULL),(10269,382,'2004-07-16 00:00:00','2004-07-18 00:00:00','Shipped',NULL),(10270,282,'2004-07-19 00:00:00','2004-07-24 00:00:00','Shipped','Can we renegotiate this one?'),(10271,124,'2004-07-20 00:00:00','2004-07-23 00:00:00','Shipped',NULL),(10272,157,'2004-07-20 00:00:00','2004-07-22 00:00:00','Shipped',NULL),(10273,314,'2004-07-21 00:00:00','2004-07-22 00:00:00','Shipped',NULL),(10274,379,'2004-07-21 00:00:00','2004-07-22 00:00:00','Shipped',NULL),(10275,119,'2004-07-23 00:00:00','2004-07-29 00:00:00','Shipped',NULL),(10276,204,'2004-08-02 00:00:00','2004-08-08 00:00:00','Shipped',NULL),(10277,148,'2004-08-04 00:00:00','2004-08-05 00:00:00','Shipped',NULL),(10278,112,'2004-08-06 00:00:00','2004-08-09 00:00:00','Shipped',NULL),(10279,141,'2004-08-09 00:00:00','2004-08-15 00:00:00','Shipped','Cautious optimism. We have happy customers here, if we can keep them well stocked.  I need all the information I can get on the planned shippments of Porches'),(10280,249,'2004-08-17 00:00:00','2004-08-19 00:00:00','Shipped',NULL),(10281,157,'2004-08-19 00:00:00','2004-08-23 00:00:00','Shipped',NULL),(10282,124,'2004-08-20 00:00:00','2004-08-22 00:00:00','Shipped',NULL),(10283,260,'2004-08-20 00:00:00','2004-08-23 00:00:00','Shipped',NULL),(10284,299,'2004-08-21 00:00:00','2004-08-26 00:00:00','Shipped','Custom shipping instructions sent to warehouse'),(10285,286,'2004-08-27 00:00:00','2004-08-31 00:00:00','Shipped',NULL),(10286,172,'2004-08-28 00:00:00','2004-09-01 00:00:00','Shipped',NULL),(10287,298,'2004-08-30 00:00:00','2004-09-01 00:00:00','Shipped',NULL),(10288,166,'2004-09-01 00:00:00','2004-09-05 00:00:00','Shipped',NULL),(10289,167,'2004-09-03 00:00:00','2004-09-04 00:00:00','Shipped','We need to keep in close contact with their Marketing VP. He is the decision maker for all their purchases.'),(10290,198,'2004-09-07 00:00:00','2004-09-13 00:00:00','Shipped',NULL),(10291,448,'2004-09-08 00:00:00','2004-09-14 00:00:00','Shipped',NULL),(10292,131,'2004-09-08 00:00:00','2004-09-11 00:00:00','Shipped','They want to reevaluate their terms agreement with Finance.'),(10293,249,'2004-09-09 00:00:00','2004-09-14 00:00:00','Shipped',NULL),(10294,204,'2004-09-10 00:00:00','2004-09-14 00:00:00','Shipped',NULL),(10295,362,'2004-09-10 00:00:00','2004-09-14 00:00:00','Shipped','They want to reevaluate their terms agreement with Finance.'),(10296,415,'2004-09-15 00:00:00','2004-09-16 00:00:00','Shipped',NULL),(10297,189,'2004-09-16 00:00:00','2004-09-21 00:00:00','Shipped','We must be cautions with this customer. Their VP of Sales resigned. Company may be heading down.'),(10298,103,'2004-09-27 00:00:00','2004-10-01 00:00:00','Shipped',NULL),(10299,186,'2004-09-30 00:00:00','2004-10-01 00:00:00','Shipped',NULL),(10300,128,'2003-10-04 00:00:00','2003-10-09 00:00:00','Shipped',NULL),(10301,299,'2003-10-05 00:00:00','2003-10-08 00:00:00','Shipped',NULL),(10302,201,'2003-10-06 00:00:00','2003-10-07 00:00:00','Shipped',NULL),(10303,484,'2004-10-06 00:00:00','2004-10-09 00:00:00','Shipped','Customer inquired about remote controlled models and gold models.'),(10304,256,'2004-10-11 00:00:00','2004-10-17 00:00:00','Shipped',NULL),(10305,286,'2004-10-13 00:00:00','2004-10-15 00:00:00','Shipped','Check on availability.'),(10306,187,'2004-10-14 00:00:00','2004-10-17 00:00:00','Shipped',NULL),(10307,339,'2004-10-14 00:00:00','2004-10-20 00:00:00','Shipped',NULL),(10308,319,'2004-10-15 00:00:00','2004-10-20 00:00:00','Shipped','Customer requested that FedEx Ground is used for this shipping'),(10309,121,'2004-10-15 00:00:00','2004-10-18 00:00:00','Shipped',NULL),(10310,259,'2004-10-16 00:00:00','2004-10-18 00:00:00','Shipped',NULL),(10311,141,'2004-10-16 00:00:00','2004-10-20 00:00:00','Shipped','Difficult to negotiate with customer. We need more marketing materials'),(10312,124,'2004-10-21 00:00:00','2004-10-23 00:00:00','Shipped',NULL),(10313,202,'2004-10-22 00:00:00','2004-10-25 00:00:00','Shipped','Customer requested that FedEx Ground is used for this shipping'),(10314,227,'2004-10-22 00:00:00','2004-10-23 00:00:00','Shipped',NULL),(10315,119,'2004-10-29 00:00:00','2004-10-30 00:00:00','Shipped',NULL),(10316,240,'2004-11-01 00:00:00','2004-11-07 00:00:00','Shipped','Customer requested that ad materials (such as posters, pamphlets) be included in the shippment'),(10317,161,'2004-11-02 00:00:00','2004-11-08 00:00:00','Shipped',NULL),(10318,157,'2004-11-02 00:00:00','2004-11-07 00:00:00','Shipped',NULL),(10319,456,'2004-11-03 00:00:00','2004-11-06 00:00:00','Shipped','Customer requested that DHL is used for this shipping'),(10320,144,'2004-11-03 00:00:00','2004-11-07 00:00:00','Shipped',NULL),(10321,462,'2004-11-04 00:00:00','2004-11-07 00:00:00','Shipped',NULL),(10322,363,'2004-11-04 00:00:00','2004-11-10 00:00:00','Shipped','Customer has worked with some of our vendors in the past and is aware of their MSRP'),(10323,128,'2004-11-05 00:00:00','2004-11-09 00:00:00','Shipped',NULL),(10324,181,'2004-11-05 00:00:00','2004-11-08 00:00:00','Shipped',NULL),(10325,121,'2004-11-05 00:00:00','2004-11-08 00:00:00','Shipped',NULL),(10326,144,'2004-11-09 00:00:00','2004-11-10 00:00:00','Shipped',NULL),(10327,145,'2004-11-10 00:00:00','2004-11-13 00:00:00','Resolved','Order was disputed and resolved on 12/1/04. The Sales Manager was involved. Customer claims the scales of the models don\'t match what was discussed.'),(10328,278,'2004-11-12 00:00:00','2004-11-18 00:00:00','Shipped','Customer very concerned about the exact color of the models. There is high risk that he may dispute the order because there is a slight color mismatch'),(10329,131,'2004-11-15 00:00:00','2004-11-16 00:00:00','Shipped',NULL),(10330,385,'2004-11-16 00:00:00','2004-11-21 00:00:00','Shipped',NULL),(10331,486,'2004-11-17 00:00:00','2004-11-23 00:00:00','Shipped','Customer requested special shippment. The instructions were passed along to the warehouse'),(10332,187,'2004-11-17 00:00:00','2004-11-18 00:00:00','Shipped',NULL),(10333,129,'2004-11-18 00:00:00','2004-11-20 00:00:00','Shipped',NULL),(10334,144,'2004-11-19 00:00:00',NULL,'On Hold','The outstaniding balance for this customer exceeds their credit limit. Order will be shipped when a payment is received.'),(10335,124,'2004-11-19 00:00:00','2004-11-23 00:00:00','Shipped',NULL),(10336,172,'2004-11-20 00:00:00','2004-11-24 00:00:00','Shipped','Customer requested that DHL is used for this shipping'),(10337,424,'2004-11-21 00:00:00','2004-11-26 00:00:00','Shipped',NULL),(10338,381,'2004-11-22 00:00:00','2004-11-27 00:00:00','Shipped',NULL),(10339,398,'2004-11-23 00:00:00','2004-11-30 00:00:00','Shipped',NULL),(10340,216,'2004-11-24 00:00:00','2004-11-25 00:00:00','Shipped','Customer is interested in buying more Ferrari models'),(10341,382,'2004-11-24 00:00:00','2004-11-29 00:00:00','Shipped',NULL),(10342,114,'2004-11-24 00:00:00','2004-11-29 00:00:00','Shipped',NULL),(10343,353,'2004-11-24 00:00:00','2004-11-26 00:00:00','Shipped',NULL),(10344,350,'2004-11-25 00:00:00','2004-11-29 00:00:00','Shipped',NULL),(10345,103,'2004-11-25 00:00:00','2004-11-26 00:00:00','Shipped',NULL),(10346,112,'2004-11-29 00:00:00','2004-11-30 00:00:00','Shipped',NULL),(10347,114,'2004-11-29 00:00:00','2004-11-30 00:00:00','Shipped','Can we deliver the new Ford Mustang models by end-of-quarter?'),(10348,458,'2004-11-01 00:00:00','2004-11-05 00:00:00','Shipped',NULL),(10349,151,'2004-12-01 00:00:00','2004-12-03 00:00:00','Shipped',NULL),(10350,141,'2004-12-02 00:00:00','2004-12-05 00:00:00','Shipped',NULL),(10351,324,'2004-12-03 00:00:00','2004-12-07 00:00:00','Shipped',NULL),(10352,198,'2004-12-03 00:00:00','2004-12-09 00:00:00','Shipped',NULL),(10353,447,'2004-12-04 00:00:00','2004-12-05 00:00:00','Shipped',NULL),(10354,323,'2004-12-04 00:00:00','2004-12-05 00:00:00','Shipped',NULL),(10355,141,'2004-12-07 00:00:00','2004-12-13 00:00:00','Shipped',NULL),(10356,250,'2004-12-09 00:00:00','2004-12-12 00:00:00','Shipped',NULL),(10357,124,'2004-12-10 00:00:00','2004-12-14 00:00:00','Shipped',NULL),(10358,141,'2004-12-10 00:00:00','2004-12-16 00:00:00','Shipped','Customer requested that DHL is used for this shipping'),(10359,353,'2004-12-15 00:00:00','2004-12-18 00:00:00','Shipped',NULL),(10360,496,'2004-12-16 00:00:00','2004-12-18 00:00:00','Shipped',NULL),(10361,282,'2004-12-17 00:00:00','2004-12-20 00:00:00','Shipped',NULL),(10362,161,'2005-01-05 00:00:00','2005-01-10 00:00:00','Shipped',NULL),(10363,334,'2005-01-06 00:00:00','2005-01-10 00:00:00','Shipped',NULL),(10364,350,'2005-01-06 00:00:00','2005-01-09 00:00:00','Shipped',NULL),(10365,320,'2005-01-07 00:00:00','2005-01-11 00:00:00','Shipped',NULL),(10366,381,'2005-01-10 00:00:00','2005-01-12 00:00:00','Shipped',NULL),(10367,205,'2005-01-12 00:00:00','2005-01-16 00:00:00','Resolved','This order was disputed and resolved on 2/1/2005. Customer claimed that container with shipment was damaged. FedEx\'s investigation proved this wrong.'),(10368,124,'2005-01-19 00:00:00','2005-01-24 00:00:00','Shipped','Can we renegotiate this one?'),(10369,379,'2005-01-20 00:00:00','2005-01-24 00:00:00','Shipped',NULL),(10370,276,'2005-01-20 00:00:00','2005-01-25 00:00:00','Shipped',NULL),(10371,124,'2005-01-23 00:00:00','2005-01-25 00:00:00','Shipped',NULL),(10372,398,'2005-01-26 00:00:00','2005-01-28 00:00:00','Shipped',NULL),(10373,311,'2005-01-31 00:00:00','2005-02-06 00:00:00','Shipped',NULL),(10374,333,'2005-02-02 00:00:00','2005-02-03 00:00:00','Shipped',NULL),(10375,119,'2005-02-03 00:00:00','2005-02-06 00:00:00','Shipped',NULL),(10376,219,'2005-02-08 00:00:00','2005-02-13 00:00:00','Shipped',NULL),(10377,186,'2005-02-09 00:00:00','2005-02-12 00:00:00','Shipped','Cautious optimism. We have happy customers here, if we can keep them well stocked.  I need all the information I can get on the planned shippments of Porches'),(10378,141,'2005-02-10 00:00:00','2005-02-11 00:00:00','Shipped',NULL),(10379,141,'2005-02-10 00:00:00','2005-02-11 00:00:00','Shipped',NULL),(10380,141,'2005-02-16 00:00:00','2005-02-18 00:00:00','Shipped',NULL),(10381,321,'2005-02-17 00:00:00','2005-02-18 00:00:00','Shipped',NULL),(10382,124,'2005-02-17 00:00:00','2005-02-18 00:00:00','Shipped','Custom shipping instructions sent to warehouse'),(10383,141,'2005-02-22 00:00:00','2005-02-25 00:00:00','Shipped',NULL),(10384,321,'2005-02-23 00:00:00','2005-02-27 00:00:00','Shipped',NULL),(10385,124,'2005-02-28 00:00:00','2005-03-01 00:00:00','Shipped',NULL),(10386,141,'2005-03-01 00:00:00','2005-03-06 00:00:00','Resolved','Disputed then Resolved on 3/15/2005. Customer doesn\'t like the craftsmaship of the models.'),(10387,148,'2005-03-02 00:00:00','2005-03-06 00:00:00','Shipped','We need to keep in close contact with their Marketing VP. He is the decision maker for all their purchases.'),(10388,462,'2005-03-03 00:00:00','2005-03-09 00:00:00','Shipped',NULL),(10389,448,'2005-03-03 00:00:00','2005-03-08 00:00:00','Shipped',NULL),(10390,124,'2005-03-04 00:00:00','2005-03-07 00:00:00','Shipped','They want to reevaluate their terms agreement with Finance.'),(10391,276,'2005-03-09 00:00:00','2005-03-15 00:00:00','Shipped',NULL),(10392,452,'2005-03-10 00:00:00','2005-03-12 00:00:00','Shipped',NULL),(10393,323,'2005-03-11 00:00:00','2005-03-14 00:00:00','Shipped','They want to reevaluate their terms agreement with Finance.'),(10394,141,'2005-03-15 00:00:00','2005-03-19 00:00:00','Shipped',NULL),(10395,250,'2005-03-17 00:00:00','2005-03-23 00:00:00','Shipped','We must be cautions with this customer. Their VP of Sales resigned. Company may be heading down.'),(10396,124,'2005-03-23 00:00:00','2005-03-28 00:00:00','Shipped',NULL),(10397,242,'2005-03-28 00:00:00','2005-04-01 00:00:00','Shipped',NULL),(10398,353,'2005-03-30 00:00:00','2005-03-31 00:00:00','Shipped',NULL),(10399,496,'2005-04-01 00:00:00','2005-04-03 00:00:00','Shipped',NULL),(10400,450,'2005-04-01 00:00:00','2005-04-04 00:00:00','Shipped','Customer requested that DHL is used for this shipping'),(10401,328,'2005-04-03 00:00:00',NULL,'On Hold','Customer credit limit exceeded. Will ship when a payment is received.'),(10402,406,'2005-04-07 00:00:00','2005-04-12 00:00:00','Shipped',NULL),(10403,201,'2005-04-08 00:00:00','2005-04-11 00:00:00','Shipped',NULL),(10404,323,'2005-04-08 00:00:00','2005-04-11 00:00:00','Shipped',NULL),(10405,209,'2005-04-14 00:00:00','2005-04-20 00:00:00','Shipped',NULL),(10406,145,'2005-04-15 00:00:00','2005-04-21 00:00:00','Disputed','Customer claims container with shipment was damaged during shipping and some items were missing. I am talking to FedEx about this.'),(10407,450,'2005-04-22 00:00:00',NULL,'On Hold','Customer credit limit exceeded. Will ship when a payment is received.'),(10408,398,'2005-04-22 00:00:00','2005-04-27 00:00:00','Shipped',NULL),(10409,166,'2005-04-23 00:00:00','2005-04-24 00:00:00','Shipped',NULL),(10410,357,'2005-04-29 00:00:00','2005-04-30 00:00:00','Shipped',NULL),(10411,233,'2005-05-01 00:00:00','2005-05-06 00:00:00','Shipped',NULL),(10412,141,'2005-05-03 00:00:00','2005-05-05 00:00:00','Shipped',NULL),(10413,175,'2005-05-05 00:00:00','2005-05-09 00:00:00','Shipped','Customer requested that DHL is used for this shipping'),(10414,362,'2005-05-06 00:00:00',NULL,'On Hold','Customer credit limit exceeded. Will ship when a payment is received.'),(10415,471,'2005-05-09 00:00:00','2005-05-12 00:00:00','Disputed','Customer claims the scales of the models don\'t match what was discussed. I keep all the paperwork though to prove otherwise'),(10416,386,'2005-05-10 00:00:00','2005-05-14 00:00:00','Shipped',NULL),(10417,141,'2005-05-13 00:00:00','2005-05-19 00:00:00','Disputed','Customer doesn\'t like the colors and precision of the models.'),(10418,412,'2005-05-16 00:00:00','2005-05-20 00:00:00','Shipped',NULL),(10419,382,'2005-05-17 00:00:00','2005-05-19 00:00:00','Shipped',NULL),(10420,282,'2005-05-29 00:00:00',NULL,'In Process',NULL),(10421,124,'2005-05-29 00:00:00',NULL,'In Process','Custom shipping instructions were sent to warehouse'),(10422,157,'2005-05-30 00:00:00',NULL,'In Process',NULL),(10423,314,'2005-05-30 00:00:00',NULL,'In Process',NULL),(10424,141,'2005-05-31 00:00:00',NULL,'In Process',NULL),(10425,119,'2005-05-31 00:00:00',NULL,'In Process',NULL),(10426,496,'2017-07-17 00:00:00','2019-09-19 00:00:00','Shipped','We can\'t pay it soon'),(10447,2,'2021-11-11 11:00:31','2021-11-11 14:30:50','shipped',NULL),(10448,2,'2021-11-11 11:09:55','2021-11-11 14:30:50','payed',NULL),(10449,2,'2021-11-11 11:13:54','2021-11-11 14:30:50','payed',NULL),(10453,2,'2021-11-11 13:33:22','2021-11-11 14:30:50','payed',NULL),(10454,2,'2021-11-11 13:44:34','2021-11-11 14:30:50','payed',NULL),(10455,2,'2021-11-11 13:47:37','2021-11-11 14:30:50','payed',NULL),(10456,2,'2021-11-11 13:56:30','2021-11-11 14:30:50','payed',NULL),(10457,2,'2021-11-11 14:11:49','2021-11-11 14:30:50','payed',NULL),(10458,2,'2021-11-11 14:13:32','2021-11-11 14:30:50','payed',NULL),(10463,2,'2021-11-11 15:19:38','2021-11-11 14:30:50','payed',NULL),(10464,2,'2021-11-11 15:22:40','2021-11-11 14:30:50','payed',NULL),(10465,2,'2021-11-11 15:46:06','2021-11-11 14:30:50','payed',NULL);
/*!40000 ALTER TABLE `orders` ENABLE KEYS */;
UNLOCK TABLES;

--
-- Table structure for table `payment`
--

DROP TABLE IF EXISTS `payment`;
/*!40101 SET @saved_cs_client     = @@character_set_client */;
/*!40101 SET character_set_client = utf8 */;
CREATE TABLE `payment` (
  `paymentpk` int(11) NOT NULL AUTO_INCREMENT,
  `orderfk` int(11) NOT NULL,
  `paymentdate` datetime NOT NULL DEFAULT current_timestamp(),
  `amount` decimal(10,2) NOT NULL,
  `transaction` varchar(50) DEFAULT NULL,
  PRIMARY KEY (`paymentpk`),
  KEY `fk_payment_1` (`orderfk`),
  CONSTRAINT `fk_payment_1` FOREIGN KEY (`orderfk`) REFERENCES `orders` (`orderpk`) ON DELETE NO ACTION ON UPDATE NO ACTION
) ENGINE=InnoDB AUTO_INCREMENT=340 DEFAULT CHARSET=latin1;
/*!40101 SET character_set_client = @saved_cs_client */;

--
-- Dumping data for table `payment`
--

LOCK TABLES `payment` WRITE;
/*!40000 ALTER TABLE `payment` DISABLE KEYS */;
INSERT INTO `payment` VALUES (1,10100,'2004-10-05 00:00:00',6066.78,'HQ336336'),(2,10101,'2003-06-05 00:00:00',14571.44,'JM555205'),(3,10102,'2004-12-18 00:00:00',1676.14,'OM314933'),(4,10103,'2004-12-17 00:00:00',14191.12,'BO864823'),(5,10104,'2003-06-06 00:00:00',32641.98,'HQ55022'),(6,10105,'2004-08-20 00:00:00',33347.88,'ND748579'),(7,10106,'2003-05-20 00:00:00',45864.03,'GG31455'),(8,10107,'2004-12-15 00:00:00',82261.22,'MA765515'),(9,10108,'2003-05-31 00:00:00',7565.08,'NP603840'),(10,10109,'2004-03-10 00:00:00',44894.74,'NR27552'),(11,10110,'2004-11-14 00:00:00',19501.82,'DB933704'),(12,10111,'2004-08-08 00:00:00',47924.19,'LN373447'),(13,10112,'2005-02-22 00:00:00',49523.67,'NG94694'),(14,10113,'2003-02-16 00:00:00',50218.95,'DB889831'),(15,10114,'2003-10-28 00:00:00',1491.38,'FD317790'),(16,10115,'2004-11-04 00:00:00',17876.32,'KI831359'),(17,10116,'2004-11-28 00:00:00',34638.14,'MA302151'),(18,10117,'2005-03-05 00:00:00',101244.59,'AE215433'),(19,10118,'2004-08-28 00:00:00',85410.87,'BG255406'),(20,10119,'2003-04-11 00:00:00',11044.30,'CQ287967'),(21,10120,'2005-04-16 00:00:00',83598.04,'ET64396'),(22,10121,'2004-12-27 00:00:00',47142.70,'HI366474'),(23,10122,'2004-11-02 00:00:00',55639.66,'HR86578'),(24,10123,'2003-08-15 00:00:00',111654.40,'KI131716'),(25,10124,'2004-03-26 00:00:00',43369.30,'LF217299'),(26,10125,'2003-11-25 00:00:00',45084.38,'NT141748'),(27,10126,'2003-01-28 00:00:00',10549.01,'DI925118'),(28,10127,'2003-10-18 00:00:00',24101.81,'FA465482'),(29,10128,'2004-03-24 00:00:00',33820.62,'FH668230'),(30,10129,'2004-11-18 00:00:00',7466.32,'IP383901'),(31,10130,'2004-12-08 00:00:00',26248.78,'DM826140'),(32,10131,'2003-12-11 00:00:00',23923.93,'ID449593'),(33,10132,'2003-04-09 00:00:00',16537.85,'PI42991'),(34,10133,'2003-03-12 00:00:00',22292.62,'CL442705'),(35,10134,'2004-12-02 00:00:00',50025.35,'MA724562'),(36,10135,'2004-09-11 00:00:00',35321.97,'NB445135'),(37,10136,'2003-07-19 00:00:00',36251.03,'AU364101'),(38,10137,'2004-11-01 00:00:00',36140.38,'DB583216'),(39,10138,'2005-05-19 00:00:00',46895.48,'DL460618'),(40,10139,'2004-01-30 00:00:00',59830.55,'HJ32686'),(41,10140,'2004-12-31 00:00:00',116208.40,'ID10962'),(42,10141,'2005-03-25 00:00:00',65071.26,'IN446258'),(43,10142,'2005-03-18 00:00:00',120166.58,'JE105477'),(44,10143,'2003-10-26 00:00:00',49539.37,'JN355280'),(45,10144,'2003-02-25 00:00:00',40206.20,'JN722010'),(46,10145,'2003-12-09 00:00:00',63843.55,'KT52578'),(47,10146,'2004-07-09 00:00:00',35420.74,'MC46946'),(48,10147,'2004-08-16 00:00:00',20009.53,'MF629602'),(49,10148,'2004-05-17 00:00:00',26155.91,'NU627706'),(50,10149,'2004-12-12 00:00:00',36005.71,'IR846303'),(51,10150,'2003-04-09 00:00:00',7674.94,'LA685678'),(52,10151,'2004-07-03 00:00:00',4710.73,'CN328545'),(53,10152,'2004-04-26 00:00:00',28211.70,'ED39322'),(54,10153,'2004-12-01 00:00:00',20564.86,'HR182688'),(55,10154,'2003-02-20 00:00:00',53959.21,'JJ246391'),(56,10155,'2004-03-18 00:00:00',40978.53,'FP549817'),(57,10156,'2004-01-16 00:00:00',49614.72,'FU793410'),(58,10157,'2003-12-10 00:00:00',39712.10,'LJ160635'),(59,10158,'2003-04-22 00:00:00',44380.15,'BI507030'),(60,10159,'2004-08-11 00:00:00',2611.84,'DD635282'),(61,10160,'2003-12-26 00:00:00',105743.00,'KM172879'),(62,10161,'2005-03-27 00:00:00',3516.04,'ME497970'),(63,10162,'2003-12-22 00:00:00',58793.53,'BF686658'),(64,10163,'2004-07-26 00:00:00',20314.44,'GB852215'),(65,10164,'2003-06-18 00:00:00',58841.35,'IP568906'),(66,10165,'2004-12-14 00:00:00',39964.63,'KI884577'),(67,10166,'2004-11-19 00:00:00',35152.12,'HI618861'),(68,10167,'2004-09-07 00:00:00',63357.13,'NN711988'),(69,10168,'2004-11-14 00:00:00',2434.25,'BR352384'),(70,10169,'2003-11-18 00:00:00',50743.65,'BR478494'),(71,10170,'2005-02-02 00:00:00',12692.19,'KG644125'),(72,10171,'2003-08-05 00:00:00',38675.13,'NI908214'),(73,10172,'2004-09-16 00:00:00',38785.48,'BQ327613'),(74,10173,'2004-07-07 00:00:00',44160.92,'DC979307'),(75,10174,'2004-02-28 00:00:00',22474.17,'LA318629'),(76,10175,'2004-09-19 00:00:00',12538.01,'ED743615'),(77,10176,'2003-12-03 00:00:00',85024.46,'GN228846'),(78,10177,'2004-03-15 00:00:00',18997.89,'GB878038'),(79,10178,'2003-11-22 00:00:00',42783.81,'IL104425'),(80,10179,'2004-09-09 00:00:00',1960.80,'AD832091'),(81,10180,'2004-12-04 00:00:00',51209.58,'CE51751'),(82,10181,'2003-04-20 00:00:00',33383.14,'EH208589'),(83,10182,'2004-05-13 00:00:00',11843.45,'GP545698'),(84,10183,'2004-03-29 00:00:00',20355.24,'IG462397'),(85,10184,'2005-05-19 00:00:00',28500.78,'CITI3434344'),(86,10185,'2003-11-19 00:00:00',24879.08,'IO448913'),(87,10186,'2004-07-10 00:00:00',42044.77,'PI15215'),(88,10187,'2004-04-17 00:00:00',15183.63,'AU750837'),(89,10188,'2004-01-19 00:00:00',47177.59,'CI381435'),(90,10189,'2004-04-25 00:00:00',22602.36,'CM564612'),(91,10190,'2003-01-30 00:00:00',5494.78,'GQ132144'),(92,10191,'2004-11-16 00:00:00',44400.50,'OH367219'),(93,10192,'2005-03-10 00:00:00',23602.90,'AE192287'),(94,10193,'2003-10-27 00:00:00',37602.48,'AK412714'),(95,10194,'2004-10-21 00:00:00',34341.08,'KA602407'),(96,10195,'2004-11-03 00:00:00',52825.29,'AM968797'),(97,10196,'2004-12-08 00:00:00',47159.11,'BQ39062'),(98,10197,'2003-03-27 00:00:00',48425.69,'KL124726'),(99,10198,'2004-10-03 00:00:00',17359.53,'BO711618'),(100,10199,'2004-03-01 00:00:00',32538.74,'NM916675'),(101,10200,'2004-12-06 00:00:00',9658.74,'FI192930'),(102,10201,'2003-07-06 00:00:00',6036.96,'HQ920205'),(103,10202,'2004-09-21 00:00:00',5858.56,'IS946883'),(104,10203,'2003-10-20 00:00:00',23908.24,'DP677013'),(105,10204,'2004-06-15 00:00:00',37258.94,'OO846801'),(106,10205,'2003-12-18 00:00:00',36527.61,'HI358554'),(107,10206,'2004-11-08 00:00:00',33594.58,'IQ627690'),(108,10207,'2004-08-13 00:00:00',51152.86,'GC697638'),(109,10208,'2004-09-24 00:00:00',4424.40,'IS150005'),(110,10209,'2003-12-04 00:00:00',3879.96,'GL756480'),(111,10210,'2003-09-05 00:00:00',50342.74,'LL562733'),(112,10211,'2005-02-06 00:00:00',39580.60,'NM739638'),(113,10212,'2005-05-03 00:00:00',35157.75,'BOAF82044'),(114,10213,'2004-06-21 00:00:00',4632.31,'ED520529'),(115,10214,'2004-05-04 00:00:00',36069.26,'PH785937'),(116,10215,'2003-12-09 00:00:00',45480.79,'BJ535230'),(117,10216,'2003-05-09 00:00:00',3101.40,'BG407567'),(118,10217,'2004-12-06 00:00:00',24945.21,'ML780814'),(119,10218,'2003-12-14 00:00:00',40473.86,'MM342086'),(120,10219,'2005-03-02 00:00:00',3452.75,'BN17870'),(121,10220,'2003-10-18 00:00:00',4465.85,'BR941480'),(122,10221,'2003-10-31 00:00:00',36164.46,'MQ413968'),(123,10222,'2004-11-02 00:00:00',53745.34,'NU21326'),(124,10223,'2005-05-20 00:00:00',29070.38,'BOFA23232'),(125,10224,'2004-07-01 00:00:00',22997.45,'II180006'),(126,10225,'2003-11-18 00:00:00',16909.84,'JG981190'),(127,10226,'2004-03-15 00:00:00',80375.24,'NQ865547'),(128,10227,'2004-11-16 00:00:00',46788.14,'IF245157'),(129,10228,'2004-03-28 00:00:00',24995.61,'JO719695'),(130,10229,'2003-11-22 00:00:00',33818.34,'AF40894'),(131,10230,'2005-06-03 00:00:00',12432.32,'HR224331'),(132,10231,'2003-07-21 00:00:00',14232.70,'KI744716'),(133,10232,'2004-09-19 00:00:00',33924.24,'IJ399820'),(134,10233,'2004-09-04 00:00:00',48298.99,'NE404084'),(135,10234,'2005-05-17 00:00:00',17928.09,'EQ12267'),(136,10235,'2004-12-30 00:00:00',26311.63,'HD284647'),(137,10236,'2003-07-18 00:00:00',23419.47,'HN114306'),(138,10237,'2004-02-10 00:00:00',5759.42,'EP227123'),(139,10238,'2004-10-22 00:00:00',53116.99,'HE84936'),(140,10239,'2004-11-06 00:00:00',61234.67,'EU280955'),(141,10240,'2003-12-07 00:00:00',27988.47,'GB361972'),(142,10241,'2004-08-30 00:00:00',37527.58,'IO164641'),(143,10242,'2004-04-24 00:00:00',29284.42,'NH776924'),(144,10243,'2005-02-09 00:00:00',27083.78,'EM979878'),(145,10244,'2003-11-13 00:00:00',38547.19,'KM841847'),(146,10245,'2003-09-28 00:00:00',41554.73,'LE432182'),(147,10246,'2005-04-30 00:00:00',29848.52,'OJ819725'),(148,10247,'2004-12-05 00:00:00',37654.09,'BJ483870'),(149,10248,'2003-03-02 00:00:00',52151.81,'GP636783'),(150,10249,'2003-11-24 00:00:00',37723.79,'NI983021'),(151,10250,'2003-08-03 00:00:00',24013.52,'IA793562'),(152,10251,'2004-08-02 00:00:00',35806.73,'JT819493'),(153,10252,'2005-01-03 00:00:00',31835.36,'OD327378'),(154,10253,'2004-10-28 00:00:00',47411.33,'DR578578'),(155,10254,'2004-09-05 00:00:00',43134.04,'KH910279'),(156,10255,'2004-03-13 00:00:00',47375.92,'AJ574927'),(157,10256,'2004-09-18 00:00:00',61402.00,'LF501133'),(158,10257,'2003-10-24 00:00:00',36798.88,'AD304085'),(159,10258,'2004-09-05 00:00:00',32260.16,'NR157385'),(160,10259,'2005-02-15 00:00:00',46770.52,'DG336041'),(161,10260,'2003-10-06 00:00:00',32723.04,'FA728475'),(162,10261,'2004-04-25 00:00:00',16212.59,'NQ966143'),(163,10262,'2004-08-09 00:00:00',45352.47,'LQ244073'),(164,10263,'2004-03-03 00:00:00',16901.38,'MD809704'),(165,10264,'2004-11-06 00:00:00',42339.76,'HL685576'),(166,10265,'2003-12-07 00:00:00',36092.40,'OM548174'),(167,10266,'2005-01-18 00:00:00',8307.28,'GJ597719'),(168,10267,'2003-08-20 00:00:00',41016.75,'HO576374'),(169,10268,'2003-11-24 00:00:00',52548.49,'MU817160'),(170,10269,'2003-11-03 00:00:00',85559.12,'DJ15149'),(171,10270,'2005-03-15 00:00:00',46781.66,'LA556321'),(172,10271,'2005-05-23 00:00:00',75020.13,'AL493079'),(173,10272,'2004-06-24 00:00:00',37281.36,'ES347491'),(174,10273,'2003-07-05 00:00:00',2880.00,'HG738664'),(175,10274,'2004-12-24 00:00:00',39440.59,'PQ803830'),(176,10275,'2004-12-13 00:00:00',13671.82,'DQ409197'),(177,10276,'2003-07-07 00:00:00',29429.14,'FP443161'),(178,10277,'2003-11-23 00:00:00',37455.77,'HB150714'),(179,10278,'2004-04-16 00:00:00',7178.66,'EN930356'),(180,10279,'2004-05-30 00:00:00',31102.85,'NR631421'),(181,10280,'2003-11-15 00:00:00',23936.53,'HL209210'),(182,10281,'2003-10-17 00:00:00',9821.32,'JK479662'),(183,10282,'2005-03-01 00:00:00',21432.31,'NF959653'),(184,10283,'2005-01-27 00:00:00',45785.34,'CS435306'),(185,10284,'2003-08-16 00:00:00',29716.86,'HH517378'),(186,10285,'2004-05-22 00:00:00',28394.54,'LF737277'),(187,10286,'2004-10-24 00:00:00',23333.06,'AP286625'),(188,10287,'2003-11-28 00:00:00',34606.28,'DA98827'),(189,10288,'2003-11-24 00:00:00',31428.21,'AF246722'),(190,10289,'2004-04-02 00:00:00',15322.93,'NJ906924'),(191,10290,'2004-01-18 00:00:00',21053.69,'DG700707'),(192,10291,'2003-10-24 00:00:00',20452.50,'LG808674'),(193,10292,'2004-12-11 00:00:00',18888.31,'BQ602907'),(194,10293,'2003-05-25 00:00:00',50824.66,'CI471510'),(195,10294,'2005-01-29 00:00:00',1834.56,'OB648482'),(196,10295,'2005-01-10 00:00:00',49705.52,'CO351193'),(197,10296,'2003-07-21 00:00:00',13920.26,'ED878227'),(198,10297,'2003-05-21 00:00:00',16700.47,'GT878649'),(199,10298,'2005-06-09 00:00:00',46656.94,'HJ618252'),(200,10299,'2003-12-16 00:00:00',20220.04,'AG240323'),(201,10300,'2004-05-15 00:00:00',36442.34,'NB291497'),(202,10301,'2004-07-11 00:00:00',18473.71,'FP170292'),(203,10302,'2004-09-21 00:00:00',15059.76,'OG208861'),(204,10303,'2004-11-17 00:00:00',50799.69,'HL575273'),(205,10304,'2003-01-16 00:00:00',10223.83,'IS232033'),(206,10305,'2003-12-05 00:00:00',55425.77,'PN238558'),(207,10306,'2005-02-12 00:00:00',28322.83,'CA762595'),(208,10307,'2003-09-16 00:00:00',32680.31,'FR499138'),(209,10308,'2004-08-02 00:00:00',12530.51,'GB890854'),(210,10309,'2004-12-03 00:00:00',12081.52,'BC726082'),(211,10310,'2003-04-19 00:00:00',1627.56,'CC475233'),(212,10311,'2005-02-03 00:00:00',14379.90,'GB117430'),(213,10312,'2003-08-22 00:00:00',1128.20,'MS154481'),(214,10313,'2003-05-12 00:00:00',35826.33,'CC871084'),(215,10314,'2004-08-01 00:00:00',6419.84,'CT821147'),(216,10315,'2004-11-27 00:00:00',42813.83,'PH29054'),(217,10316,'2003-12-02 00:00:00',20644.24,'BN347084'),(218,10317,'2004-11-19 00:00:00',15822.84,'CP804873'),(219,10318,'2003-03-09 00:00:00',51001.22,'EK785462'),(220,10319,'2003-11-18 00:00:00',38524.29,'DO106109'),(221,10320,'2004-07-18 00:00:00',51619.02,'HG438769'),(222,10321,'2005-02-14 00:00:00',33967.73,'AJ478695'),(223,10322,'2004-06-21 00:00:00',22037.91,'DO787644'),(224,10323,'2005-05-18 00:00:00',615.45,'JPMR4544'),(225,10324,'2004-11-29 00:00:00',48927.64,'KB54275'),(226,10325,'2005-04-23 00:00:00',12190.85,'BJMPR4545'),(227,10326,'2004-01-28 00:00:00',49165.16,'HJ217687'),(228,10327,'2004-06-17 00:00:00',25080.96,'NA197101'),(229,10328,'2004-07-25 00:00:00',35034.57,'GH197075'),(230,10329,'2004-04-14 00:00:00',31670.37,'PJ434867'),(231,10330,'2004-09-28 00:00:00',31310.09,'ER54537'),(232,10331,'2004-12-07 00:00:00',25505.98,'KF480160'),(233,10332,'2003-04-16 00:00:00',21665.98,'LM271923'),(234,10333,'2003-10-31 00:00:00',22042.37,'OA595449'),(235,10334,'2003-09-15 00:00:00',6631.36,'AO757239'),(236,10335,'2003-06-25 00:00:00',17032.29,'ER615123'),(237,10336,'2004-12-17 00:00:00',26304.13,'OU516561'),(238,10337,'2005-04-18 00:00:00',27966.54,'FS299615'),(239,10338,'2004-09-30 00:00:00',48809.90,'KR822727'),(240,10339,'2004-06-21 00:00:00',59551.38,'EF485824'),(241,10340,'2003-11-15 00:00:00',27121.90,'ED473873'),(242,10341,'2003-11-20 00:00:00',15130.97,'FN640986'),(243,10342,'2005-05-03 00:00:00',8807.12,'HG635467'),(244,10343,'2003-12-05 00:00:00',38139.18,'HA777606'),(245,10344,'2004-05-12 00:00:00',32239.47,'IR662429'),(246,10345,'2004-11-13 00:00:00',27550.51,'GJ715659'),(247,10346,'2004-04-30 00:00:00',1679.92,'MO743231'),(248,10347,'2004-11-15 00:00:00',33145.56,'DD995006'),(249,10348,'2004-02-06 00:00:00',22162.61,'NA377824'),(250,10349,'2003-06-13 00:00:00',57131.92,'OO606861'),(251,10350,'2005-04-15 00:00:00',30293.77,'ED203908'),(252,10351,'2003-11-08 00:00:00',9977.85,'GC60330'),(253,10352,'2004-11-27 00:00:00',48355.87,'PE176846'),(254,10353,'2004-07-28 00:00:00',9415.13,'AB661578'),(255,10354,'2003-12-10 00:00:00',35505.63,'CO645196'),(256,10355,'2004-02-17 00:00:00',7612.06,'LL427009'),(257,10356,'2003-10-27 00:00:00',17746.26,'PC688499'),(258,10357,'2003-12-09 00:00:00',7678.25,'JP113227'),(259,10358,'2004-02-13 00:00:00',36070.47,'PB951268'),(260,10359,'2004-10-26 00:00:00',3474.66,'GK294076'),(261,10360,'2003-11-29 00:00:00',47513.19,'JH546765'),(262,10361,'2004-04-14 00:00:00',5899.38,'BL66528'),(263,10362,'2004-11-23 00:00:00',45994.07,'HS86661'),(264,10363,'2003-03-20 00:00:00',25833.14,'JB117768'),(265,10364,'2003-09-28 00:00:00',29997.09,'AH612904'),(266,10365,'2004-02-29 00:00:00',12573.28,'PT550181'),(267,10366,'2003-12-04 00:00:00',22275.73,'OC773849'),(268,10367,'2004-01-31 00:00:00',7310.42,'PO860906'),(269,10368,'2003-12-26 00:00:00',59265.14,'BH167026'),(270,10369,'2004-05-14 00:00:00',6276.60,'FN155234'),(271,10370,'2005-05-25 00:00:00',30253.75,'EU531600'),(272,10371,'2019-12-18 00:00:00',20000.50,'FN155234'),(273,10372,'2003-07-16 00:00:00',32077.44,'MB342426'),(274,10373,'2004-12-31 00:00:00',52166.00,'MN89921'),(275,10374,'2003-07-18 00:00:00',21053.69,'JP113228'),(276,10375,'2004-02-10 00:00:00',20452.50,'PB951269'),(277,10376,'2004-10-22 00:00:00',18888.31,'GK294077'),(278,10377,'2004-11-06 00:00:00',50824.66,'JH546766'),(279,10378,'2003-12-07 00:00:00',1834.56,'BL66529'),(280,10379,'2004-08-30 00:00:00',49705.52,'HS86662'),(281,10380,'2004-04-24 00:00:00',13920.26,'JB117769'),(282,10381,'2005-02-09 00:00:00',16700.47,'AH612905'),(283,10382,'2003-11-13 00:00:00',46656.94,'PT550182'),(284,10383,'2003-09-28 00:00:00',20220.04,'OC773850'),(285,10384,'2005-04-30 00:00:00',36442.34,'PO860907'),(286,10385,'2004-12-05 00:00:00',18473.71,'BH167027'),(287,10386,'2003-03-02 00:00:00',15059.76,'FN155235'),(288,10387,'2003-11-24 00:00:00',50799.69,'EU531601'),(289,10388,'2003-08-03 00:00:00',10223.83,'FN155235'),(290,10389,'2004-08-02 00:00:00',55425.77,'MB342427'),(291,10390,'2005-01-03 00:00:00',28322.83,'MN89922'),(292,10391,'2004-10-28 00:00:00',32680.31,'JP113229'),(293,10392,'2004-09-05 00:00:00',12530.51,'PB951270'),(294,10393,'2004-03-13 00:00:00',12081.52,'GK294078'),(295,10394,'2004-09-18 00:00:00',1627.56,'JH546767'),(296,10395,'2003-10-24 00:00:00',14379.90,'BL66530'),(297,10396,'2004-09-05 00:00:00',1128.20,'HS86663'),(298,10397,'2005-02-15 00:00:00',35826.33,'JB117770'),(299,10398,'2003-10-06 00:00:00',6419.84,'AH612906'),(300,10399,'2004-04-25 00:00:00',42813.83,'PT550183'),(301,10400,'2004-08-09 00:00:00',20644.24,'OC773851'),(302,10401,'2004-03-03 00:00:00',15822.84,'PO860908'),(303,10402,'2004-11-06 00:00:00',51001.22,'BH167028'),(304,10403,'2003-12-07 00:00:00',38524.29,'FN155236'),(305,10404,'2005-01-18 00:00:00',51619.02,'EU531602'),(306,10405,'2003-08-20 00:00:00',33967.73,'FN155236'),(307,10406,'2003-11-24 00:00:00',22037.91,'MB342428'),(308,10407,'2003-11-03 00:00:00',615.45,'MN89923'),(309,10408,'2005-03-15 00:00:00',48927.64,'JP113230'),(310,10409,'2005-05-23 00:00:00',12190.85,'PB951271'),(311,10410,'2004-06-24 00:00:00',49165.16,'GK294079'),(312,10411,'2003-07-05 00:00:00',25080.96,'JH546768'),(313,10412,'2004-12-24 00:00:00',35034.57,'BL66531'),(314,10413,'2004-12-13 00:00:00',31670.37,'HS86664'),(315,10414,'2003-07-07 00:00:00',31310.09,'JB117771'),(316,10415,'2003-11-23 00:00:00',25505.98,'AH612907'),(317,10416,'2004-04-16 00:00:00',21665.98,'PT550184'),(318,10417,'2004-05-30 00:00:00',22042.37,'OC773852'),(319,10418,'2003-11-15 00:00:00',6631.36,'PO860909'),(320,10419,'2003-10-17 00:00:00',17032.29,'BH167029'),(321,10420,'2005-03-01 00:00:00',26304.13,'FN155237'),(322,10421,'2005-01-27 00:00:00',27966.54,'EU531603'),(323,10422,'2003-08-16 00:00:00',48809.90,'FN155237'),(324,10423,'2004-05-22 00:00:00',59551.38,'MB342429'),(325,10424,'2004-10-24 00:00:00',27121.90,'MN89924'),(326,10425,'2003-11-28 00:00:00',15130.97,'JP113231'),(327,10426,'2003-11-24 00:00:00',8807.12,'PB951272'),(328,10447,'2021-11-11 11:04:36',60.60,'sb125954c'),(329,10448,'2021-11-11 11:10:57',60.60,'sb125954c'),(330,10449,'2021-11-11 11:13:54',60.60,'sb125954c'),(331,10453,'2021-11-11 13:33:47',20.20,'sb125954c'),(332,10454,'2021-11-11 13:44:54',20.20,'sb125954c'),(333,10455,'2021-11-11 13:47:37',20.20,'sb125954c'),(334,10456,'2021-11-11 13:56:30',20.20,'sb125954c'),(335,10457,'2021-11-11 14:11:49',20.20,'sb125954c'),(336,10458,'2021-11-11 14:13:32',20.20,'sb125954c'),(337,10463,'2021-11-11 15:19:38',20.20,'sb125954c'),(338,10464,'2021-11-11 15:22:40',20.20,'sb125954c'),(339,10465,'2021-11-11 15:47:19',20.20,'sb125954c');
/*!40000 ALTER TABLE `payment` ENABLE KEYS */;
UNLOCK TABLES;
/*!40103 SET TIME_ZONE=@OLD_TIME_ZONE */;

/*!40101 SET SQL_MODE=@OLD_SQL_MODE */;
/*!40014 SET FOREIGN_KEY_CHECKS=@OLD_FOREIGN_KEY_CHECKS */;
/*!40014 SET UNIQUE_CHECKS=@OLD_UNIQUE_CHECKS */;
/*!40101 SET CHARACTER_SET_CLIENT=@OLD_CHARACTER_SET_CLIENT */;
/*!40101 SET CHARACTER_SET_RESULTS=@OLD_CHARACTER_SET_RESULTS */;
/*!40101 SET COLLATION_CONNECTION=@OLD_COLLATION_CONNECTION */;
/*!40111 SET SQL_NOTES=@OLD_SQL_NOTES */;

-- Dump completed on 2021-11-12  7:27:47
